Nr,User Story ID,Title,Description,Source
258,US-280,Full System Implementation,"As a job seeker, I want to us- ( stories so that I can develop skills and advance my career.",implementation-code/modules/BATCH-IMPLEMENTATION-PLAN-6x2GB.md
259,US-284,Career Development,"As a job seeker, I want to us- (timeline), us- to us- (trends so that I can develop skills and advance my career.",implementation-code/modules/MODULE-NAMING-CONFLICTS-DETAILED-ANALYSIS.md
260,US-288,Career Development,"As a job seeker, I want to us- so that I can develop skills and advance my career.",docs/6.x-testing-docs/6.1-frameworks/ai-first-conversation-flow-testing-framework/03-10-automated-testing-pipeline.md
261,US-291,Career Development,"As a job seeker, I want to us- so that I can develop skills and advance my career.",docs/0.x-project-overview/0.2-execution/02-ai-execution-wave-plan.md
262,US-293,Career Development,"As a platform administrator, I want access notification system so that I can develop skills and advance my career.",docs/9.x-user-interface/9.1-wireframes/03_application_tracking.md
263,US-294,Career Development,"As a developer, I want access file storage abstraction so that I can develop skills and advance my career.",docs/9.x-user-interface/9.1-wireframes/04_cv_document_management.md
264,US-296,Career Development,"As a job seeker, I want access through us- so that I can develop skills and advance my career.",docs/6.x-testing-docs/6.3-test-strategies/COMPREHENSIVE_TEST_PLAN_SCHEDULE.md
265,US-297,Career Development,"As a job seeker, I want access oauth integration so that I can develop skills and advance my career.",docs/9.x-user-interface/9.1-wireframes/10_settings_personalization.md
266,US-298,Job Search Platform,"As a job seeker, I want access data management so that I can organize my job search activities efficiently.",docs/9.x-user-interface/9.1-wireframes/10_settings_personalization.md
267,US-299,Career Development,"As a job seeker, I want to us- (feedback), us- to us- (portals so that I can develop skills and advance my career.",implementation-code/modules/MODULE-NAMING-CONFLICTS-DETAILED-ANALYSIS.md
268,US-300,Career Development,"As a job seeker, I want access video practice _interview.md so that I can develop skills and advance my career.",docs/9.x-user-interface/9.2-analysis-reports/01_gap_analysis_current/03_user_story_wireframe_mapping.md
269,US-301,Career Development,"As a job seeker, I want access interview checklist _interview.md so that I can develop skills and advance my career.",docs/9.x-user-interface/9.2-analysis-reports/01_gap_analysis_current/03_user_story_wireframe_mapping.md
270,US-302,Career Development,"As a job seeker, I want access privacy controls so that I can develop skills and advance my career.",docs/9.x-user-interface/9.1-wireframes/10_settings_personalization.md
271,US-303,Career Development,"As a job seeker, I want access thank you notes _interview.md so that I can develop skills and advance my career.",docs/9.x-user-interface/9.2-analysis-reports/01_gap_analysis_current/03_user_story_wireframe_mapping.md
272,US-304,Career Development,"As a job seeker, I want access interview history _interview.md so that I can develop skills and advance my career.",docs/9.x-user-interface/9.2-analysis-reports/01_gap_analysis_current/03_user_story_wireframe_mapping.md
273,US-306,Career Development,"As a job seeker, I want access configuration monitoring so that I can track my progress and identify trends.",docs/9.x-user-interface/9.1-wireframes/10_settings_personalization.md
274,US-308,Career Development,"As a job seeker, I want  so that I can develop skills and advance my career.",docs/9.x-user-interface/9.1-wireframes/00_index.md
275,US-309,Intelligent Search,"As a job seeker, I want access voice job search so that I can quickly find relevant opportunities.",docs/9.x-user-interface/9.1-wireframes/10_settings_personalization.md
276,US-310,Voice Control System,"As a job seeker, I want access hands-free voice control so that I can develop skills and advance my career.",docs/9.x-user-interface/9.1-wireframes/02_job_search_discovery.md
277,US-311,Career Development,"As a job seeker, I want access through us- so that I can develop skills and advance my career.",docs/6.x-testing-docs/6.3-test-strategies/COMPREHENSIVE_TEST_PLAN_SCHEDULE.md
278,US-314,Career Development,"As a job seeker, I want to us- so that I can develop skills and advance my career.",docs/8.x-reports/8.4-guidelines/03-testing-checklist.md
279,US-317,Career Development,"As a platform administrator, I want access mcp standards integration so that I can develop skills and advance my career.",docs/9.x-user-interface/9.1-wireframes/08_ai_conversation_flows.md
280,US-318,Career Development,"As a job seeker, I want access quick actions as a user, i want quick action buttons so that common tasks are fast so that I can develop skills and advance my career.",docs/9.x-user-interface/9.6-complete-microservice-mapping/05-analytics-ai-complete.md
281,US-319,Intelligent Search,"As a job seeker, I want access chat history as a user, i want searchable chat history so that i can find past information so that I can quickly find relevant opportunities.",docs/9.x-user-interface/9.6-complete-microservice-mapping/05-analytics-ai-complete.md
282,US-320,Job Search Platform,"As a rav-registered job seeker, i want to track how much time i have left on benefits (up to 24 months or more) so that i can plan my job search strategy accordingly.",docs/9.x-user-interface/9.1-wireframes/06_rav_compliance.md
283,US-321,Emotional Support System,"As a job seeker facing time pressure, i want to receive appropriate emotional support and practical guidance so that i stay motivated and take effective action.",docs/9.x-user-interface/9.1-wireframes/08_ai_conversation_flows.md
284,US-322,Career Development,"As a job seeker, I want  so that I can develop skills and advance my career.",docs/9.x-user-interface/9.1-wireframes/00_index.md
285,US-323,Career Development,"As a job seeker, I want  so that I can develop skills and advance my career.",docs/9.x-user-interface/9.1-wireframes/00_index.md
