Story ID,Title,Description,Source File,Biological_Integration_Level,Godhood_Achievable,Testing_Status,Harmonization_Score,Consciousness_Level_Required,Biological_Testing_Priority
US-001,"to US-015, US-374 to US-388)",Comprehensive security features,docs/9.x-user-interface/9.1-wireframes/00_index.md,BASIC,ENHANCES,PENDING,89.7%,2.8,MEDIUM
US-002,| AI understands career goals | 01.1 | HIGH |,,docs/9.x-user-interface/9.1-wireframes/01_onboarding.md,BASIC,ENHANCES,PENDING,89.7%,2.8,MEDIUM
US-003,Dashboard Overview,"As a logged-in user, I want to see a dashboard overview so that I can quickly understand my job search status",docs/9.x-user-interface/9.1-wireframes/09_dashboard_analytics.md,BASIC,ENHANCES,PENDING,89.7%,2.8,MEDIUM
US-004,to US-006**,Profile import capabilities,docs/9.x-user-interface/9.1-wireframes/01_onboarding.md,BASIC,ENHANCES,PENDING,89.7%,2.8,MEDIUM
US-005,| Automatic skill extraction | 01.2 | HIGH |,,docs/9.x-user-interface/9.1-wireframes/01_onboarding.md,BASIC,ENHANCES,PENDING,89.7%,2.8,MEDIUM
US-006,| Profile completeness feedback | 01.2 | MEDIUM |,,docs/9.x-user-interface/9.1-wireframes/01_onboarding.md,BASIC,ENHANCES,PENDING,89.7%,2.8,MEDIUM
US-007,to US-391**,CV analysis and extraction,docs/9.x-user-interface/9.1-wireframes/01_onboarding.md,BASIC,ENHANCES,PENDING,89.7%,2.8,MEDIUM
US-008,| Multi-format document support | 01.3 | HIGH |,,docs/9.x-user-interface/9.1-wireframes/01_onboarding.md,BASIC,ENHANCES,PENDING,89.7%,2.8,MEDIUM
US-009,| CV analysis insights | 01.3 | MEDIUM |,,docs/9.x-user-interface/9.1-wireframes/01_onboarding.md,BASIC,ENHANCES,PENDING,89.7%,2.8,MEDIUM
US-010,Core data protection (`weight,8`),docs/9.x-user-interface/9.1-wireframes/10_settings_personalization.md,BASIC,ENHANCES,PENDING,89.7%,2.8,MEDIUM
US-011,to US-014**,Multimedia onboarding options,docs/9.x-user-interface/9.1-wireframes/01_onboarding.md,BASIC,ENHANCES,PENDING,89.7%,2.8,MEDIUM
US-012,| Video coaching tips | 01.4 | LOW |,,docs/9.x-user-interface/9.1-wireframes/01_onboarding.md,BASIC,ENHANCES,PENDING,89.7%,2.8,MEDIUM
US-013,| Voice setup assistance | 01.5 | MEDIUM |,,docs/9.x-user-interface/9.1-wireframes/01_onboarding.md,BASIC,ENHANCES,PENDING,89.7%,2.8,MEDIUM
US-014,| Voice command testing | 01.5 | LOW |,,docs/9.x-user-interface/9.1-wireframes/01_onboarding.md,BASIC,ENHANCES,PENDING,89.7%,2.8,MEDIUM
US-015,to US-016**,Privacy and compliance,docs/9.x-user-interface/9.1-wireframes/01_onboarding.md,BASIC,ENHANCES,PENDING,89.7%,2.8,MEDIUM
US-016,"to US-030, US-046 to US-050)",Platform infrastructure and admin,docs/9.x-user-interface/9.1-wireframes/00_index.md,BASIC,ENHANCES,PENDING,89.7%,2.8,MEDIUM
US-017,| Core module foundation | Backend only | 5 |,,docs/9.x-user-interface/9.1-wireframes/11_system_administration.md,BASIC,ENHANCES,PENDING,89.7%,2.8,MEDIUM
US-018,| Module integration core | Backend only | 5 |,,docs/9.x-user-interface/9.1-wireframes/11_system_administration.md,BASIC,ENHANCES,PENDING,89.7%,2.8,MEDIUM
US-019,Core service health (`weight,5`),docs/9.x-user-interface/9.1-wireframes/11_system_administration.md,BASIC,ENHANCES,PENDING,89.7%,2.8,MEDIUM
US-020,| Service discovery core | Backend only | 3 |,,docs/9.x-user-interface/9.1-wireframes/11_system_administration.md,BASIC,ENHANCES,PENDING,89.7%,2.8,MEDIUM
US-021,Configuration management (`weight,5`),docs/9.x-user-interface/9.1-wireframes/11_system_administration.md,BASIC,ENHANCES,PENDING,89.7%,2.8,MEDIUM
US-022,Configuration core (`weight,5`),docs/9.x-user-interface/9.1-wireframes/11_system_administration.md,BASIC,ENHANCES,PENDING,89.7%,2.8,MEDIUM
US-023,Configuration storage (`weight,3`),docs/9.x-user-interface/9.1-wireframes/11_system_administration.md,BASIC,ENHANCES,PENDING,89.7%,2.8,MEDIUM
US-024,"to US-030, US-034, US-036, US-038, US-040)",,docs/9.x-user-interface/9.1-wireframes/11_system_administration.md,BASIC,ENHANCES,PENDING,89.7%,2.8,MEDIUM
US-025,| Data collection core | Backend only | 3 |,,docs/9.x-user-interface/9.1-wireframes/11_system_administration.md,BASIC,ENHANCES,PENDING,89.7%,2.8,MEDIUM
US-026,Workflow core (`weight,8`),docs/9.x-user-interface/9.1-wireframes/11_system_administration.md,BASIC,ENHANCES,PENDING,89.7%,2.8,MEDIUM
US-027,| 13 | ✅ Complete |,,docs/9.x-user-interface/9.1-wireframes/11_system_administration.md,BASIC,ENHANCES,PENDING,89.7%,2.8,MEDIUM
US-028,Security core (`weight,8`),docs/9.x-user-interface/9.1-wireframes/11_system_administration.md,BASIC,ENHANCES,PENDING,89.7%,2.8,MEDIUM
US-029,| 13 | ✅ Complete |,,docs/9.x-user-interface/9.1-wireframes/11_system_administration.md,BASIC,ENHANCES,PENDING,89.7%,2.8,MEDIUM
US-030,| 13 | ✅ Complete |,,docs/9.x-user-interface/9.1-wireframes/11_system_administration.md,BASIC,ENHANCES,PENDING,89.7%,2.8,MEDIUM
US-031,to US-045),Data collection and storage,docs/9.x-user-interface/9.1-wireframes/00_index.md,BASIC,ENHANCES,PENDING,89.7%,2.8,MEDIUM
US-032,**: Core Data Collection,"As a platform, I want to collect user data efficiently so that analytics are accurate",docs/9.x-user-interface/9.1-wireframes/09_dashboard_analytics.md,BASIC,ENHANCES,PENDING,89.7%,2.8,MEDIUM
US-033,**: Core Data Storage,"As a platform, I want to store data reliably so that it's available for analysis",docs/9.x-user-interface/9.1-wireframes/09_dashboard_analytics.md,MEDIUM,SUPPORTS,PENDING,89.7%,2.8,HIGH
US-034,**: Event Analytics,"As a platform, I want to analyze events so that I understand user behavior",docs/9.x-user-interface/9.1-wireframes/09_dashboard_analytics.md,BASIC,ENHANCES,PENDING,89.7%,2.8,MEDIUM
US-035,**: Analytics System,"As a platform, I want a comprehensive analytics system so that insights are generated",docs/9.x-user-interface/9.1-wireframes/09_dashboard_analytics.md,BASIC,ENHANCES,PENDING,89.7%,2.8,MEDIUM
US-036,**: Admin Storage,"As an admin, I want dedicated storage so that system data is organized",docs/9.x-user-interface/9.1-wireframes/09_dashboard_analytics.md,BASIC,ENHANCES,PENDING,89.7%,2.8,MEDIUM
US-037,**: Integration Analytics,"As a platform, I want to track integration performance so that I optimize connections",docs/9.x-user-interface/9.1-wireframes/09_dashboard_analytics.md,BASIC,ENHANCES,PENDING,89.7%,2.8,MEDIUM
US-038,**: Event Collection,"As a platform, I want to collect all events so that nothing is missed",docs/9.x-user-interface/9.1-wireframes/09_dashboard_analytics.md,BASIC,ENHANCES,PENDING,89.7%,2.8,MEDIUM
US-039,**: Emotional Data Collection,"As a platform, I want to collect emotional signals so that I provide better support",docs/9.x-user-interface/9.1-wireframes/09_dashboard_analytics.md,BASIC,ENHANCES,PENDING,89.7%,2.8,MEDIUM
US-040,**: Core Analytics,"As a platform, I want core analytics capabilities so that basic metrics are available",docs/9.x-user-interface/9.1-wireframes/09_dashboard_analytics.md,MEDIUM,SUPPORTS,PENDING,89.7%,2.8,HIGH
US-041,**: Marketing Data Collection,"As a marketing team, I want to collect campaign data so that I measure effectiveness",docs/9.x-user-interface/9.1-wireframes/09_dashboard_analytics.md,MEDIUM,SUPPORTS,PENDING,89.7%,2.8,HIGH
US-042,**: Marketing Analytics,"As a marketing team, I want marketing analytics so that I optimize campaigns",docs/9.x-user-interface/9.1-wireframes/09_dashboard_analytics.md,MEDIUM,SUPPORTS,PENDING,89.7%,2.8,HIGH
US-043,**: Business Analytics Storage,"As a business, I want dedicated analytics storage so that reports are fast",docs/9.x-user-interface/9.1-wireframes/09_dashboard_analytics.md,BASIC,ENHANCES,PENDING,89.7%,2.8,MEDIUM
US-044,**: Integration Analytics,"As a platform, I want detailed integration analytics so that I monitor health",docs/9.x-user-interface/9.1-wireframes/09_dashboard_analytics.md,MEDIUM,SUPPORTS,PENDING,89.7%,2.8,HIGH
US-045,**: Compliance Data Collection,"As a compliance officer, I want data collection logs so that I ensure compliance",docs/9.x-user-interface/9.1-wireframes/09_dashboard_analytics.md,BASIC,ENHANCES,PENDING,89.7%,2.8,MEDIUM
US-046,| 13 | ✅ Complete |,,docs/9.x-user-interface/9.1-wireframes/11_system_administration.md,BASIC,ENHANCES,PENDING,89.7%,2.8,MEDIUM
US-047,| 13 | ✅ Complete |,,docs/9.x-user-interface/9.1-wireframes/11_system_administration.md,BASIC,ENHANCES,PENDING,89.7%,2.8,MEDIUM
US-048,| 21 | ✅ Complete |,,docs/9.x-user-interface/9.1-wireframes/11_system_administration.md,BASIC,ENHANCES,PENDING,89.7%,2.8,MEDIUM
US-049,| Core admin | Backend only | 5 |,,docs/9.x-user-interface/9.1-wireframes/11_system_administration.md,BASIC,ENHANCES,PENDING,89.7%,2.8,MEDIUM
US-050,|,,docs/9.x-user-interface/9.1-wireframes/00_index.md,BASIC,ENHANCES,PENDING,89.7%,2.8,MEDIUM
US-051,to US-052),,docs/9.x-user-interface/9.1-wireframes/00_index.md,BASIC,ENHANCES,PENDING,89.7%,2.8,MEDIUM
US-052,|,,docs/9.x-user-interface/9.1-wireframes/00_index.md,BASIC,ENHANCES,PENDING,89.7%,2.8,MEDIUM
US-053,to US-055),,docs/9.x-user-interface/9.1-wireframes/00_index.md,BASIC,ENHANCES,PENDING,89.7%,2.8,MEDIUM
US-054,Application Metrics,As a job seeker so that I can measure effectiveness,docs/9.x-user-interface/9.1-wireframes/09_dashboard_analytics.md,BASIC,ENHANCES,PENDING,89.7%,2.8,MEDIUM
US-055,Industry Insights,As a job seeker so that I can target better,docs/9.x-user-interface/9.1-wireframes/09_dashboard_analytics.md,BASIC,ENHANCES,PENDING,89.7%,2.8,MEDIUM
US-056,Performance Trends,As a job seeker so that I can improve over time,docs/9.x-user-interface/9.1-wireframes/09_dashboard_analytics.md,BASIC,ENHANCES,PENDING,89.7%,2.8,MEDIUM
US-057,Custom Reports,As a job seeker so that I can analyze specific data,docs/9.x-user-interface/9.1-wireframes/09_dashboard_analytics.md,BASIC,ENHANCES,PENDING,89.7%,2.8,MEDIUM
US-058,RAV Form Generation,As a RAV registered job seeker so that I comply with requirements,docs/9.x-user-interface/9.1-wireframes/06_rav_compliance.md,BASIC,ENHANCES,PENDING,89.7%,2.8,MEDIUM
US-059,to US-061),,docs/9.x-user-interface/9.1-wireframes/00_index.md,BASIC,ENHANCES,PENDING,89.7%,2.8,MEDIUM
US-060,RAV Integration,As a platform so that data syncs automatically,docs/9.x-user-interface/9.1-wireframes/06_rav_compliance.md,BASIC,ENHANCES,PENDING,89.7%,2.8,MEDIUM
US-061,|,,docs/9.x-user-interface/9.1-wireframes/00_index.md,BASIC,ENHANCES,PENDING,89.7%,2.8,MEDIUM
US-062,**: Data Processing Pipeline,"As a platform, I want an efficient processing pipeline so that data flows smoothly",docs/9.x-user-interface/9.1-wireframes/09_dashboard_analytics.md,BASIC,ENHANCES,PENDING,89.7%,2.8,MEDIUM
US-063,RAV Counselor Portal,As a RAV counselor so that I can support job seekers,docs/9.x-user-interface/9.1-wireframes/06_rav_compliance.md,BASIC,ENHANCES,PENDING,89.7%,2.8,MEDIUM
US-064,to US-071),,docs/9.x-user-interface/9.1-wireframes/00_index.md,BASIC,ENHANCES,PENDING,89.7%,2.8,MEDIUM
US-065,Document Management,As a RAV registered job seeker so that I organize RAV papers,docs/9.x-user-interface/9.1-wireframes/06_rav_compliance.md,BASIC,ENHANCES,PENDING,89.7%,2.8,MEDIUM
US-066,Compliance Analytics,As a RAV registered job seeker so that I optimize my efforts,docs/9.x-user-interface/9.1-wireframes/06_rav_compliance.md,BASIC,ENHANCES,PENDING,89.7%,2.8,MEDIUM
US-067,Language Localization,As a RAV registered job seeker so that I use my preferred language,docs/9.x-user-interface/9.1-wireframes/06_rav_compliance.md,BASIC,ENHANCES,PENDING,89.7%,2.8,MEDIUM
US-068,Interview Question Bank,As a job seeker so that I can prepare effectively,docs/9.x-user-interface/9.1-wireframes/05_interview_preparation.md,BASIC,ENHANCES,PENDING,89.7%,2.8,MEDIUM
US-069,Mock Interview Practice,As a job seeker so that I can practice,docs/9.x-user-interface/9.1-wireframes/05_interview_preparation.md,BASIC,ENHANCES,PENDING,89.7%,2.8,MEDIUM
US-070,(not used in wireframes) | AI Team |,,docs/9.x-user-interface/9.1-wireframes/05_interview_preparation.md,BASIC,ENHANCES,PENDING,89.7%,2.8,MEDIUM
US-071,|,,docs/9.x-user-interface/9.1-wireframes/00_index.md,BASIC,ENHANCES,PENDING,89.7%,2.8,MEDIUM
US-072,**: Voice Search,"As a job seeker, I want to search for jobs using voice commands so that I can multitask effectively",docs/9.x-user-interface/9.1-wireframes/08_ai_conversation_flows.md,BASIC,ENHANCES,PENDING,89.7%,2.8,MEDIUM
US-073,Export Analytics Data,"As a job seeker, I want to export analytics data so that I can analyze externally",docs/9.x-user-interface/9.1-wireframes/09_dashboard_analytics.md,BASIC,ENHANCES,PENDING,89.7%,2.8,MEDIUM
US-074,Benchmarking,As a job seeker so that I know how I'm doing,docs/9.x-user-interface/9.1-wireframes/09_dashboard_analytics.md,BASIC,ENHANCES,PENDING,89.7%,2.8,MEDIUM
US-075,ROI Analysis,As a job seeker so that I can optimize efforts,docs/9.x-user-interface/9.1-wireframes/09_dashboard_analytics.md,BASIC,ENHANCES,PENDING,89.7%,2.8,MEDIUM
US-076,Predictive Analytics,As a job seeker so that I can plan better,docs/9.x-user-interface/9.1-wireframes/09_dashboard_analytics.md,BASIC,ENHANCES,PENDING,89.7%,2.8,MEDIUM
US-077,**: Gamification Analytics,"As a job seeker, I want to see my gamification metrics so that I stay motivated",docs/9.x-user-interface/9.1-wireframes/09_dashboard_analytics.md,BASIC,ENHANCES,PENDING,89.7%,2.8,MEDIUM
US-078,to US-083),,docs/9.x-user-interface/9.1-wireframes/00_index.md,BASIC,ENHANCES,PENDING,89.7%,2.8,MEDIUM
US-079,Job search portal integration,"As a job seeker, I want to import applications from external portals so that I don't duplicate tracking",docs/9.x-user-interface/9.1-wireframes/03_application_tracking.md,BASIC,ENHANCES,PENDING,89.7%,2.8,MEDIUM
US-080,LinkedIn job integration,"As a job seeker, I want to import LinkedIn Easy Apply applications so that they're tracked automatically",docs/9.x-user-interface/9.1-wireframes/03_application_tracking.md,BASIC,ENHANCES,PENDING,89.7%,2.8,MEDIUM
US-081,**: Achievement Tracking,"As a job seeker, I want to track my achievements so that I feel accomplished",docs/9.x-user-interface/9.1-wireframes/09_dashboard_analytics.md,BASIC,ENHANCES,PENDING,89.7%,2.8,MEDIUM
US-082,Portal search functionality,"As a job seeker, I want to search across all connected portals so that I can find applications quickly",docs/9.x-user-interface/9.1-wireframes/03_application_tracking.md,BASIC,ENHANCES,PENDING,89.7%,2.8,MEDIUM
US-083,|,,docs/9.x-user-interface/9.1-wireframes/00_index.md,BASIC,ENHANCES,PENDING,89.7%,2.8,MEDIUM
US-084,to US-086),,docs/9.x-user-interface/9.1-wireframes/00_index.md,BASIC,ENHANCES,PENDING,89.7%,2.8,MEDIUM
US-085,to US-087),,docs/9.x-user-interface/9.1-wireframes/00_index.md,BASIC,ENHANCES,PENDING,89.7%,2.8,MEDIUM
US-086,ML model deployment (`weight,8`),docs/9.x-user-interface/9.1-wireframes/11_system_administration.md,BASIC,ENHANCES,PENDING,89.7%,2.8,MEDIUM
US-087,| 21 | ✅ Complete |,,docs/9.x-user-interface/9.1-wireframes/11_system_administration.md,BASIC,ENHANCES,PENDING,89.7%,2.8,MEDIUM
US-088,Multi-Language Support,As a non-English speaker so that I understand better,docs/9.x-user-interface/9.1-wireframes/10_settings_personalization.md,BASIC,ENHANCES,PENDING,89.7%,2.8,MEDIUM
US-089,| Version Control | History,"Show previous resume versions"" |",docs/8.x-reports/8.3-transformation-docs/03-master-transformation-index.md,BASIC,ENHANCES,PENDING,89.7%,2.8,MEDIUM
US-090,Quick Apply,As a job seeker so that I can apply efficiently,docs/9.x-user-interface/9.1-wireframes/03_application_tracking.md,BASIC,ENHANCES,PENDING,89.7%,2.8,MEDIUM
US-091,to US-111),LinkedIn integration and network features,docs/9.x-user-interface/9.1-wireframes/00_index.md,BASIC,ENHANCES,PENDING,89.7%,2.8,MEDIUM
US-092,Network analysis features (`weight,8`),docs/9.x-user-interface/9.1-wireframes/12_professional_networking.md,BASIC,ENHANCES,PENDING,89.7%,2.8,MEDIUM
US-093,Advanced network analysis (`weight,8`),docs/9.x-user-interface/9.1-wireframes/12_professional_networking.md,BASIC,ENHANCES,PENDING,89.7%,2.8,MEDIUM
US-094,Network communication opportunities (`weight,8`),docs/9.x-user-interface/9.1-wireframes/12_professional_networking.md,BASIC,ENHANCES,PENDING,89.7%,2.8,MEDIUM
US-095,| 13 | ✅ Complete |,,docs/9.x-user-interface/9.1-wireframes/12_professional_networking.md,BASIC,ENHANCES,PENDING,89.7%,2.8,MEDIUM
US-096,AI-powered network communication (`weight,5`),docs/9.x-user-interface/9.1-wireframes/12_professional_networking.md,BASIC,ENHANCES,PENDING,89.7%,2.8,MEDIUM
US-097,Email opportunities from network (`weight,5`),docs/9.x-user-interface/9.1-wireframes/12_professional_networking.md,BASIC,ENHANCES,PENDING,89.7%,2.8,MEDIUM
US-098,Network prospecting (`weight,8`),docs/9.x-user-interface/9.1-wireframes/12_professional_networking.md,BASIC,ENHANCES,PENDING,89.7%,2.8,MEDIUM
US-099,Network analysis and insights (`weight,8`),docs/9.x-user-interface/9.1-wireframes/12_professional_networking.md,BASIC,ENHANCES,PENDING,89.7%,2.8,MEDIUM
US-100,| 21 | ✅ Complete |,,docs/9.x-user-interface/9.1-wireframes/12_professional_networking.md,BASIC,ENHANCES,PENDING,89.7%,2.8,MEDIUM
US-101,Network opportunities (`weight,8`),docs/9.x-user-interface/9.1-wireframes/12_professional_networking.md,BASIC,ENHANCES,PENDING,89.7%,2.8,MEDIUM
US-102,| 21 | ✅ Complete |,,docs/9.x-user-interface/9.1-wireframes/12_professional_networking.md,BASIC,ENHANCES,PENDING,89.7%,2.8,MEDIUM
US-103,Ambassador network communication (`weight,5`),docs/9.x-user-interface/9.1-wireframes/12_professional_networking.md,BASIC,ENHANCES,PENDING,89.7%,2.8,MEDIUM
US-104,| 21 | ✅ Complete |,,docs/9.x-user-interface/9.1-wireframes/12_professional_networking.md,BASIC,ENHANCES,PENDING,89.7%,2.8,MEDIUM
US-105,Network referral tracking (`weight,8`),docs/9.x-user-interface/9.1-wireframes/12_professional_networking.md,BASIC,ENHANCES,PENDING,89.7%,2.8,MEDIUM
US-106,| 21 | ✅ Complete |,,docs/9.x-user-interface/9.1-wireframes/12_professional_networking.md,BASIC,ENHANCES,PENDING,89.7%,2.8,MEDIUM
US-107,Referral success tracking (`weight,5`),docs/9.x-user-interface/9.1-wireframes/12_professional_networking.md,BASIC,ENHANCES,PENDING,89.7%,2.8,MEDIUM
US-108,| 21 | ✅ Complete |,,docs/9.x-user-interface/9.1-wireframes/12_professional_networking.md,BASIC,ENHANCES,PENDING,89.7%,2.8,MEDIUM
US-109,Network expansion tracking (`weight,5`),docs/9.x-user-interface/9.1-wireframes/12_professional_networking.md,BASIC,ENHANCES,PENDING,89.7%,2.8,MEDIUM
US-110,Connection quality metrics (`weight,8`),docs/9.x-user-interface/9.1-wireframes/12_professional_networking.md,BASIC,ENHANCES,PENDING,89.7%,2.8,MEDIUM
US-111,|,,docs/9.x-user-interface/9.1-wireframes/00_index.md,BASIC,ENHANCES,PENDING,89.7%,2.8,MEDIUM
US-112,Weekly Summaries,"As a job seeker, I want automated weekly progress reports",docs/9.x-user-interface/9.1-wireframes/09_dashboard_analytics.md,BASIC,ENHANCES,PENDING,89.7%,2.8,MEDIUM
US-113,Progress Tracking,"As a job seeker, I want to track week-over-week improvement",docs/9.x-user-interface/9.1-wireframes/09_dashboard_analytics.md,BASIC,ENHANCES,PENDING,89.7%,2.8,MEDIUM
US-114,Invoice generation,,docs/9.x-user-interface/9.1-wireframes/10_settings_personalization.md,BASIC,ENHANCES,PENDING,89.7%,2.8,MEDIUM
US-115,| 5 | High | 150 |,,docs/9.x-user-interface/9.1-wireframes/10_settings_personalization.md,BASIC,ENHANCES,PENDING,89.7%,2.8,MEDIUM
US-116,Performance Optimization,As a platform so that gamification runs smoothly,docs/9.x-user-interface/9.1-wireframes/10_settings_personalization.md,BASIC,ENHANCES,PENDING,89.7%,2.8,MEDIUM
US-117,Customization Options,As a job seeker so that I personalize my experience,docs/9.x-user-interface/9.1-wireframes/10_settings_personalization.md,BASIC,ENHANCES,PENDING,89.7%,2.8,MEDIUM
US-118,| Rejection Analysis | Learning,"Why rejections?"" |",docs/8.x-reports/8.3-transformation-docs/03-master-transformation-index.md,BASIC,ENHANCES,PENDING,89.7%,2.8,MEDIUM
US-119,**: Engagement Metrics,"As a platform, I want to measure user engagement so that I can optimize the experience",docs/9.x-user-interface/9.1-wireframes/09_dashboard_analytics.md,BASIC,ENHANCES,PENDING,89.7%,2.8,MEDIUM
US-120,"to US-134 (Analytics), US-180 to US-195 (Portals)",,implementation-code/modules/MODULE-NAMING-CONFLICTS-DETAILED-ANALYSIS.md,BASIC,ENHANCES,PENDING,89.7%,2.8,MEDIUM
US-121,| Location Analysis | Geography,"Remote vs onsite success?"" |",docs/8.x-reports/8.3-transformation-docs/03-master-transformation-index.md,BASIC,ENHANCES,PENDING,89.7%,2.8,MEDIUM
US-122,Subscription Plans,As a platform owner so that I can monetize,docs/9.x-user-interface/9.1-wireframes/10_settings_personalization.md,BASIC,ENHANCES,PENDING,89.7%,2.8,MEDIUM
US-123,Payment Processing,As a platform so that users can subscribe,docs/9.x-user-interface/9.1-wireframes/10_settings_personalization.md,BASIC,ENHANCES,PENDING,89.7%,2.8,MEDIUM
US-124,to US-127),,docs/9.x-user-interface/9.1-wireframes/00_index.md,BASIC,ENHANCES,PENDING,89.7%,2.8,MEDIUM
US-125,Push notification setup,,docs/9.x-user-interface/9.1-wireframes/10_settings_personalization.md,BASIC,ENHANCES,PENDING,89.7%,2.8,MEDIUM
US-126,SMS notification configuration,,docs/9.x-user-interface/9.1-wireframes/10_settings_personalization.md,BASIC,ENHANCES,PENDING,89.7%,2.8,MEDIUM
US-127,Automated Actions,"As a job seeker, I want automated actions",docs/9.x-user-interface/9.1-wireframes/10_settings_personalization.md,BASIC,ENHANCES,PENDING,89.7%,2.8,MEDIUM
US-128,RAV Workshop Tracking,As a RAV registered job seeker so that I fulfill requirements,docs/9.x-user-interface/9.1-wireframes/06_rav_compliance.md,BASIC,ENHANCES,PENDING,89.7%,2.8,MEDIUM
US-129,Benefit Calculator,As a RAV registered job seeker so that I plan financially,docs/9.x-user-interface/9.1-wireframes/06_rav_compliance.md,BASIC,ENHANCES,PENDING,89.7%,2.8,MEDIUM
US-130,RAV Office Finder,As a RAV registered job seeker so that I can visit easily,docs/9.x-user-interface/9.1-wireframes/06_rav_compliance.md,BASIC,ENHANCES,PENDING,89.7%,2.8,MEDIUM
US-131,Compliance Certificates,As a RAV registered job seeker so that I prove my efforts,docs/9.x-user-interface/9.1-wireframes/06_rav_compliance.md,BASIC,ENHANCES,PENDING,89.7%,2.8,MEDIUM
US-132,RAV API Integration,As a developer so that we automate processes,docs/9.x-user-interface/9.1-wireframes/06_rav_compliance.md,BASIC,ENHANCES,PENDING,89.7%,2.8,MEDIUM
US-133,**: Industry Insights,"As a job seeker, I want industry insights so that I can target the right companies",docs/9.x-user-interface/9.1-wireframes/09_dashboard_analytics.md,BASIC,ENHANCES,PENDING,89.7%,2.8,MEDIUM
US-134,**: Search Insights and Analytics,"As a job seeker, I want to see search performance metrics so that I can optimize my job search strategy",docs/9.x-user-interface/9.1-wireframes/02_job_search_discovery.md,BASIC,ENHANCES,PENDING,89.7%,2.8,MEDIUM
US-135,**: Semantic and Conceptual Search,"As a job seeker, I want semantic search capabilities so that I discover related opportunities I might have missed",docs/9.x-user-interface/9.1-wireframes/02_job_search_discovery.md,BASIC,ENHANCES,PENDING,89.7%,2.8,MEDIUM
US-136,**: Personal Effort Tracking,"As a job seeker, I want to track my personal job search efforts so that I can monitor all my activities",docs/9.x-user-interface/9.1-wireframes/09_dashboard_analytics.md,BASIC,ENHANCES,PENDING,89.7%,2.8,MEDIUM
US-137,Effort Categories,"As a job seeker, I want to categorize my efforts so that I can analyze effectiveness",docs/9.x-user-interface/9.1-wireframes/09_dashboard_analytics.md,BASIC,ENHANCES,PENDING,89.7%,2.8,MEDIUM
US-138,Effort Calendar View,As a job seeker so that I can see my activity patterns,docs/9.x-user-interface/9.1-wireframes/09_dashboard_analytics.md,BASIC,ENHANCES,PENDING,89.7%,2.8,MEDIUM
US-139,Effort ROI,"As a job seeker, I want to measure effort return on investment",docs/9.x-user-interface/9.1-wireframes/09_dashboard_analytics.md,BASIC,ENHANCES,PENDING,89.7%,2.8,MEDIUM
US-140,Effort Recommendations,As a job seeker so that I can optimize my efforts,docs/9.x-user-interface/9.1-wireframes/09_dashboard_analytics.md,BASIC,ENHANCES,PENDING,89.7%,2.8,MEDIUM
US-141,"to US-144, US-271 to US-284)",Core search functionality,docs/9.x-user-interface/9.1-wireframes/00_index.md,BASIC,ENHANCES,PENDING,89.7%,2.8,MEDIUM
US-142,Mobile RAV Features,As a RAV registered job seeker so that I manage on-the-go,docs/9.x-user-interface/9.1-wireframes/06_rav_compliance.md,BASIC,ENHANCES,PENDING,89.7%,2.8,MEDIUM
US-143,Job search landing and recommendations,,docs/9.x-user-interface/9.1-wireframes/02_job_search_discovery.md,BASIC,ENHANCES,PENDING,89.7%,2.8,MEDIUM
US-144,Network Analytics,As a job seeker so that I understand my reach,docs/9.x-user-interface/9.1-wireframes/09_dashboard_analytics.md,BASIC,ENHANCES,PENDING,89.7%,2.8,MEDIUM
US-145,LinkedIn Integration,As a job seeker so that I sync my network,docs/9.x-user-interface/9.1-wireframes/10_settings_personalization.md,BASIC,ENHANCES,PENDING,89.7%,2.8,MEDIUM
US-146,Feedback Collection System,"As a user, I want to provide feedback so that the platform improves",docs/9.x-user-interface/9.1-wireframes/10_settings_personalization.md,BASIC,ENHANCES,PENDING,89.7%,2.8,MEDIUM
US-147,Feature Request Portal,"As a user, I want to request features so that my needs are met",docs/9.x-user-interface/9.1-wireframes/10_settings_personalization.md,BASIC,ENHANCES,PENDING,89.7%,2.8,MEDIUM
US-148,to US-157),CV and document handling,docs/9.x-user-interface/9.1-wireframes/00_index.md,BASIC,ENHANCES,PENDING,89.7%,2.8,MEDIUM
US-149,| Success Celebrations | Joy,"Celebrate interview!"" |",docs/8.x-reports/8.3-transformation-docs/03-master-transformation-index.md,BASIC,ENHANCES,PENDING,89.7%,2.8,MEDIUM
US-150,to US-165 (from 2.5-JobTracking),,implementation-code/modules/AI-FIRST-MODULE-REORGANIZATION-PLAN.md,BASIC,ENHANCES,PENDING,89.7%,2.8,MEDIUM
US-151,| Resilience Building | Strength,"Bounce back tips"" |",docs/8.x-reports/8.3-transformation-docs/03-master-transformation-index.md,BASIC,ENHANCES,PENDING,89.7%,2.8,MEDIUM
US-152,| Peer Support | Community,"Connect with others"" |",docs/8.x-reports/8.3-transformation-docs/03-master-transformation-index.md,BASIC,ENHANCES,PENDING,89.7%,2.8,MEDIUM
US-153,| Mentor Matching | Guidance,"Find a mentor"" |",docs/8.x-reports/8.3-transformation-docs/03-master-transformation-index.md,BASIC,ENHANCES,PENDING,89.7%,2.8,MEDIUM
US-154,| Accountability Partners | Support,"Match me with partner"" |",docs/8.x-reports/8.3-transformation-docs/03-master-transformation-index.md,BASIC,ENHANCES,PENDING,89.7%,2.8,MEDIUM
US-155,| Progress Sharing | Updates,"Share with mentor"" |",docs/8.x-reports/8.3-transformation-docs/03-master-transformation-index.md,BASIC,ENHANCES,PENDING,89.7%,2.8,MEDIUM
US-156,to US-173),,docs/8.x-reports/8.3-transformation-docs/03-master-transformation-index.md,BASIC,ENHANCES,PENDING,89.7%,2.8,MEDIUM
US-157,| Course Tracking | Education,"Track Coursera progress"" |",docs/8.x-reports/8.3-transformation-docs/03-master-transformation-index.md,BASIC,ENHANCES,PENDING,89.7%,2.8,MEDIUM
US-158,| Skill Development | Improvement,"Develop leadership skills"" |",docs/8.x-reports/8.3-transformation-docs/03-master-transformation-index.md,BASIC,ENHANCES,PENDING,89.7%,2.8,MEDIUM
US-159,"to US-167, US-285 to US-298)",Pipeline management,docs/9.x-user-interface/9.1-wireframes/00_index.md,BASIC,ENHANCES,PENDING,89.7%,2.8,MEDIUM
US-160,| Resume Optimization | Enhancement,"Improve my resume"" |",docs/8.x-reports/8.3-transformation-docs/03-master-transformation-index.md,BASIC,ENHANCES,PENDING,89.7%,2.8,MEDIUM
US-161,| LinkedIn Optimization | Presence,"Optimize LinkedIn profile"" |",docs/8.x-reports/8.3-transformation-docs/03-master-transformation-index.md,BASIC,ENHANCES,PENDING,89.7%,2.8,MEDIUM
US-162,| Portfolio Building | Showcase,"Build project portfolio"" |",docs/8.x-reports/8.3-transformation-docs/03-master-transformation-index.md,BASIC,ENHANCES,PENDING,89.7%,2.8,MEDIUM
US-163,Job Market News,As a job seeker so that I stay informed,docs/9.x-user-interface/9.1-wireframes/02_job_search_discovery.md,BASIC,ENHANCES,PENDING,89.7%,2.8,MEDIUM
US-164,Industry Trends,As a job seeker so that I plan my career,docs/9.x-user-interface/9.1-wireframes/02_job_search_discovery.md,BASIC,ENHANCES,PENDING,89.7%,2.8,MEDIUM
US-165,Skills Trend Analysis,As a job seeker so that I learn relevant skills,docs/9.x-user-interface/9.1-wireframes/02_job_search_discovery.md,BASIC,ENHANCES,PENDING,89.7%,2.8,MEDIUM
US-166,**: Salary Trend Tracking,As a job seeker so that I negotiate better,docs/9.x-user-interface/9.1-wireframes/07_salary_insights.md,BASIC,ENHANCES,PENDING,89.7%,2.8,MEDIUM
US-167,| Communication Skills | Improvement,"Better communication?"" |",docs/8.x-reports/8.3-transformation-docs/03-master-transformation-index.md,BASIC,ENHANCES,PENDING,89.7%,2.8,MEDIUM
US-168,| Technical Skills | Development,"Improve coding skills"" |",docs/8.x-reports/8.3-transformation-docs/03-master-transformation-index.md,BASIC,ENHANCES,PENDING,89.7%,2.8,MEDIUM
US-169,| Soft Skills | Growth,"Develop soft skills"" |",docs/8.x-reports/8.3-transformation-docs/03-master-transformation-index.md,BASIC,ENHANCES,PENDING,89.7%,2.8,MEDIUM
US-170,| Leadership Development | Advancement,"Prepare for leadership"" |",docs/8.x-reports/8.3-transformation-docs/03-master-transformation-index.md,BASIC,ENHANCES,PENDING,89.7%,2.8,MEDIUM
US-171,| Industry Knowledge | Expertise,"Learn about fintech"" |",docs/8.x-reports/8.3-transformation-docs/03-master-transformation-index.md,BASIC,ENHANCES,PENDING,89.7%,2.8,MEDIUM
US-172,| Trend Awareness | Current,"Latest tech trends?"" |",docs/8.x-reports/8.3-transformation-docs/03-master-transformation-index.md,BASIC,ENHANCES,PENDING,89.7%,2.8,MEDIUM
US-173,| Continuous Learning | Mindset,"Keep learning plan"" |",docs/8.x-reports/8.3-transformation-docs/03-master-transformation-index.md,BASIC,ENHANCES,PENDING,89.7%,2.8,MEDIUM
US-174,to US-203,Progress narratives (Thread 2),implementation-code/modules/IMPLEMENTATION-TODO-TRACKER-426-STORIES.md,BASIC,ENHANCES,PENDING,89.7%,2.8,MEDIUM
US-175,through US-196),,docs/6.x-testing-docs/6.3-test-strategies/COMPREHENSIVE_TEST_PLAN_SCHEDULE.md,BASIC,ENHANCES,PENDING,89.7%,2.8,MEDIUM
US-182,to US-265)](#55-professional-development-us-182-to-us-265),,docs/2.x-implementation-docs/2.1-guides/ai-first-implementation-blueprint-v2/02-6-integration-specifications.md,BASIC,ENHANCES,PENDING,89.7%,2.8,MEDIUM
US-184,Professional Networking,,docs/2.x-implementation-docs/2.2-transformations/03-ai-first-story-transformations.md,BASIC,ENHANCES,PENDING,89.7%,2.8,MEDIUM
US-185,Resume Builder with AI,As a job seeker so that my resume is optimized,docs/9.x-user-interface/9.1-wireframes/04_cv_document_management.md,BASIC,ENHANCES,PENDING,89.7%,2.8,MEDIUM
US-186,to US-199 (14 stories),,docs/9.x-user-interface/9.2-analysis-reports/02_gap_analysis_archive/02_WIREFRAME_GAP_ANALYSIS.md,BASIC,ENHANCES,PENDING,89.7%,2.8,MEDIUM
US-187,- Purpose,Marketing campaign tracking,docs/9.x-user-interface/9.2-analysis-reports/01_gap_analysis_current/02_wireframe_gap_analysis_v4_changes.md,MEDIUM,SUPPORTS,PENDING,89.7%,2.8,HIGH
US-188,"| CV Export | As a user, I want to export my CV in multiple formats so that I meet all requirements |",,docs/9.x-user-interface/9.6-complete-microservice-mapping/04-cv-document-complete.md,BASIC,ENHANCES,PENDING,89.7%,2.8,MEDIUM
US-189,"| CV Sharing | As a user, I want to share my CV via link so that networking is easier |",,docs/9.x-user-interface/9.6-complete-microservice-mapping/04-cv-document-complete.md,BASIC,ENHANCES,PENDING,89.7%,2.8,MEDIUM
US-190,"| CV Analytics | As a user, I want CV analytics so that I know when it's viewed |",,docs/9.x-user-interface/9.6-complete-microservice-mapping/04-cv-document-complete.md,BASIC,ENHANCES,PENDING,89.7%,2.8,MEDIUM
US-191,Rejection Analysis,As a job seeker so that I can improve,docs/9.x-user-interface/9.1-wireframes/09_dashboard_analytics.md,BASIC,ENHANCES,PENDING,89.7%,2.8,MEDIUM
US-192,to US-223),,docs/6.x-testing-docs/6.1-frameworks/ai-first-conversation-flow-testing-framework/03-10-automated-testing-pipeline.md,BASIC,ENHANCES,PENDING,89.7%,2.8,MEDIUM
US-193,"| Reference Letters | As a user, I want reference letter templates so that I can request recommendations |",,docs/9.x-user-interface/9.6-complete-microservice-mapping/04-cv-document-complete.md,BASIC,ENHANCES,PENDING,89.7%,2.8,MEDIUM
US-194,"| Portfolio Documents | As a user, I want portfolio document templates so that I present work professionally |",,docs/9.x-user-interface/9.6-complete-microservice-mapping/04-cv-document-complete.md,BASIC,ENHANCES,PENDING,89.7%,2.8,MEDIUM
US-195,"to US-206, US-355 to US-373)",Metrics and reporting,docs/9.x-user-interface/9.1-wireframes/00_index.md,BASIC,ENHANCES,PENDING,89.7%,2.8,MEDIUM
US-196,"to US-215 (Gamification), US-240 to US-283 (Networking)",,implementation-code/modules/MODULE-NAMING-CONFLICTS-DETAILED-ANALYSIS.md,BASIC,ENHANCES,PENDING,89.7%,2.8,MEDIUM
US-197,through US-211),,docs/6.x-testing-docs/6.3-test-strategies/COMPREHENSIVE_TEST_PLAN_SCHEDULE.md,BASIC,ENHANCES,PENDING,89.7%,2.8,MEDIUM
US-200,to US-210 (11 stories),,docs/9.x-user-interface/9.2-analysis-reports/02_gap_analysis_archive/02_WIREFRAME_GAP_ANALYSIS.md,BASIC,ENHANCES,PENDING,89.7%,2.8,MEDIUM
US-201,- Purpose,Employer-side metrics,docs/9.x-user-interface/9.2-analysis-reports/01_gap_analysis_current/02_wireframe_gap_analysis_v4_changes.md,BASIC,ENHANCES,PENDING,89.7%,2.8,MEDIUM
US-202,Portfolio Showcase Builder,"As a job seeker, I want to create an online portfolio so that I can showcase my work",docs/9.x-user-interface/9.1-wireframes/04_cv_document_management.md,BASIC,ENHANCES,PENDING,89.7%,2.8,MEDIUM
US-203,LinkedIn Profile Optimizer,"As a job seeker, I want to optimize my LinkedIn so that recruiters find me",docs/9.x-user-interface/9.1-wireframes/04_cv_document_management.md,BASIC,ENHANCES,PENDING,89.7%,2.8,MEDIUM
US-204,Cover Letter Generator,As a job seeker so that I apply efficiently,docs/9.x-user-interface/9.1-wireframes/04_cv_document_management.md,BASIC,ENHANCES,PENDING,89.7%,2.8,MEDIUM
US-205,Personal Profile Page Builder,As a job seeker so that I have a professional online presence I can share with employers,docs/9.x-user-interface/9.1-wireframes/04_cv_document_management.md,BASIC,ENHANCES,PENDING,89.7%,2.8,MEDIUM
US-206,- RAV Compliance,US-357 (partial coverage),implementation-code/modules/ai-first-story-gap-analysis-2025-01-16.md,BASIC,ENHANCES,PENDING,89.7%,2.8,MEDIUM
US-207,| Languages Section Management | Content Building |,,docs/9.x-user-interface/9.5-actual-microservice-mapping-ARCHIVED/04-cv-document.md,BASIC,ENHANCES,PENDING,89.7%,2.8,MEDIUM
US-208,| Certifications Section Management | Content Building |,,docs/9.x-user-interface/9.5-actual-microservice-mapping-ARCHIVED/04-cv-document.md,BASIC,ENHANCES,PENDING,89.7%,2.8,MEDIUM
US-209,Video Resume Creator,As a job seeker so that I stand out,docs/9.x-user-interface/9.1-wireframes/04_cv_document_management.md,BASIC,ENHANCES,PENDING,89.7%,2.8,MEDIUM
US-210,| Keywords Analysis | ATS Features |,,docs/9.x-user-interface/9.5-actual-microservice-mapping-ARCHIVED/04-cv-document.md,BASIC,ENHANCES,PENDING,89.7%,2.8,MEDIUM
US-211,to US-215),5 stories now covered,docs/9.x-user-interface/9.2-analysis-reports/01_gap_analysis_current/02_wireframe_gap_analysis_v4_changes.md,BASIC,ENHANCES,PENDING,89.7%,2.8,MEDIUM
US-212,through US-223),,docs/6.x-testing-docs/6.3-test-strategies/COMPREHENSIVE_TEST_PLAN_SCHEDULE.md,BASIC,ENHANCES,PENDING,89.7%,2.8,MEDIUM
US-213,Content Marketing Hub,As a content marketer so that I manage content effectively,docs/9.x-user-interface/9.1-wireframes/09_dashboard_analytics.md,BASIC,ENHANCES,PENDING,89.7%,2.8,MEDIUM
US-214,Webinar Platform Integration,"As a marketing manager, I want to host webinars so that I educate and convert",docs/9.x-user-interface/9.1-wireframes/09_dashboard_analytics.md,BASIC,ENHANCES,PENDING,89.7%,2.8,MEDIUM
US-221,to US-232),RAV and Swiss market requirements,docs/9.x-user-interface/9.1-wireframes/00_index.md,BASIC,ENHANCES,PENDING,89.7%,2.8,MEDIUM
US-223,Effort Goals Setting,"As a job seeker, I want to set effort goals so that I stay motivated",docs/9.x-user-interface/9.1-wireframes/09_dashboard_analytics.md,BASIC,ENHANCES,PENDING,89.7%,2.8,MEDIUM
US-224,Effort Analytics Dashboard,As a job seeker so that I can improve my strategy,docs/9.x-user-interface/9.1-wireframes/09_dashboard_analytics.md,BASIC,ENHANCES,PENDING,89.7%,2.8,MEDIUM
US-227,"| Application Timeline | As a user, I want to see application timelines so that I understand the process |",,docs/9.x-user-interface/9.6-complete-microservice-mapping/03-application-interview-complete.md,BASIC,ENHANCES,PENDING,89.7%,2.8,MEDIUM
US-228,Rejection Analysis,As a job seeker so that I can improve,docs/9.x-user-interface/9.1-wireframes/09_dashboard_analytics.md,BASIC,ENHANCES,PENDING,89.7%,2.8,MEDIUM
US-229,Application Collaboration,"As a job seeker, I want to collaborate on applications so that I can get help",docs/9.x-user-interface/9.1-wireframes/03_application_tracking.md,BASIC,ENHANCES,PENDING,89.7%,2.8,MEDIUM
US-230,**: Cohort Analysis,As a job seeker so that I can learn from others,docs/9.x-user-interface/9.1-wireframes/09_dashboard_analytics.md,BASIC,ENHANCES,PENDING,89.7%,2.8,MEDIUM
US-231,**: Analytics Coaching,As a job seeker so that I can improve faster,docs/9.x-user-interface/9.1-wireframes/09_dashboard_analytics.md,BASIC,ENHANCES,PENDING,89.7%,2.8,MEDIUM
US-232,Competition Analysis,As a job seeker so that I can differentiate myself,docs/9.x-user-interface/9.1-wireframes/09_dashboard_analytics.md,BASIC,ENHANCES,PENDING,89.7%,2.8,MEDIUM
US-234,Professional Photo Tools,As a job seeker so that I look professional,docs/9.x-user-interface/9.1-wireframes/04_cv_document_management.md,BASIC,ENHANCES,PENDING,89.7%,2.8,MEDIUM
US-235,through US-237),,docs/6.x-testing-docs/6.3-test-strategies/COMPREHENSIVE_TEST_PLAN_SCHEDULE.md,BASIC,ENHANCES,PENDING,89.7%,2.8,MEDIUM
US-237,Network Opportunity Alerts,Your Network is Moving!,docs/10.x-resources/10.6-requirements/ai-first-transformations/01-thread-4-professional-development-conversations.md,BASIC,ENHANCES,PENDING,89.7%,2.8,MEDIUM
US-238,through US-255),,docs/6.x-testing-docs/6.3-test-strategies/COMPREHENSIVE_TEST_PLAN_SCHEDULE.md,BASIC,ENHANCES,PENDING,89.7%,2.8,MEDIUM
US-239,STAR Method Training,As a job seeker so that I answer effectively,docs/9.x-user-interface/9.1-wireframes/05_interview_preparation.md,BASIC,ENHANCES,PENDING,89.7%,2.8,MEDIUM
US-240,Company Research Templates,As a job seeker so that I prepare thoroughly,docs/9.x-user-interface/9.1-wireframes/05_interview_preparation.md,BASIC,ENHANCES,PENDING,89.7%,2.8,MEDIUM
US-241,Interview Outfit Planner,As a job seeker so that I dress appropriately,docs/9.x-user-interface/9.1-wireframes/05_interview_preparation.md,BASIC,ENHANCES,PENDING,89.7%,2.8,MEDIUM
US-242,Post-Interview Tracker,As a job seeker so that I follow up properly,docs/9.x-user-interface/9.1-wireframes/05_interview_preparation.md,BASIC,ENHANCES,PENDING,89.7%,2.8,MEDIUM
US-243,Salary Negotiation Prep,As a job seeker so that I maximize offers,docs/9.x-user-interface/9.1-wireframes/05_interview_preparation.md,BASIC,ENHANCES,PENDING,89.7%,2.8,MEDIUM
US-244,Interview Anxiety Tools,As a job seeker so that I perform better,docs/9.x-user-interface/9.1-wireframes/05_interview_preparation.md,BASIC,ENHANCES,PENDING,89.7%,2.8,MEDIUM
US-245,Technical Interview Prep,As a tech job seeker so that I ace coding interviews,docs/9.x-user-interface/9.1-wireframes/05_interview_preparation.md,BASIC,ENHANCES,PENDING,89.7%,2.8,MEDIUM
US-246,Interview Debrief System,As a job seeker so that I improve continuously,docs/9.x-user-interface/9.1-wireframes/05_interview_preparation.md,BASIC,ENHANCES,PENDING,89.7%,2.8,MEDIUM
US-248,Beta Testing Program,As a power user so that I test new features,docs/9.x-user-interface/9.1-wireframes/10_settings_personalization.md,BASIC,ENHANCES,PENDING,89.7%,2.8,MEDIUM
US-250,Ambassador Levels,Your Growth as a JTP Champion,docs/10.x-resources/10.6-requirements/ai-first-transformations/01-thread-4-professional-development-conversations.md,BASIC,ENHANCES,PENDING,89.7%,2.8,MEDIUM
US-251,Ambassador Analytics,The Ripple Effect of Your Help,docs/10.x-resources/10.6-requirements/ai-first-transformations/01-thread-4-professional-development-conversations.md,BASIC,ENHANCES,PENDING,89.7%,2.8,MEDIUM
US-252,Ambassador Recognition,Celebrating Your Impact,docs/10.x-resources/10.6-requirements/ai-first-transformations/01-thread-4-professional-development-conversations.md,BASIC,ENHANCES,PENDING,89.7%,2.8,MEDIUM
US-253,Profile Setup Wizard,As a new user so that I configure quickly,docs/9.x-user-interface/9.1-wireframes/01_onboarding.md,BASIC,ENHANCES,PENDING,89.7%,2.8,MEDIUM
US-254,Video Tutorials,As a new user so that I learn visually,docs/9.x-user-interface/9.1-wireframes/01_onboarding.md,BASIC,ENHANCES,PENDING,89.7%,2.8,MEDIUM
US-255,Quick Start Guide,As a new user so that I begin immediately,docs/9.x-user-interface/9.1-wireframes/01_onboarding.md,BASIC,ENHANCES,PENDING,89.7%,2.8,MEDIUM
US-256,to US-270),User preferences and settings,docs/9.x-user-interface/9.1-wireframes/00_index.md,BASIC,ENHANCES,PENDING,89.7%,2.8,MEDIUM
US-257,Onboarding Analytics,As a product manager so that I optimize conversion,docs/9.x-user-interface/9.1-wireframes/01_onboarding.md,BASIC,ENHANCES,PENDING,89.7%,2.8,MEDIUM
US-258,Dark Mode,As a user so that I reduce eye strain,docs/9.x-user-interface/9.1-wireframes/10_settings_personalization.md,MEDIUM,SUPPORTS,PENDING,89.7%,2.8,HIGH
US-259,**: Industry Benchmarks,"As a job seeker, I want industry salary benchmarks so that I can set realistic expectations",docs/9.x-user-interface/9.1-wireframes/07_salary_insights.md,BASIC,ENHANCES,PENDING,89.7%,2.8,MEDIUM
US-260,Accessibility Options,As a user with disabilities so that I can use the platform,docs/9.x-user-interface/9.1-wireframes/10_settings_personalization.md,BASIC,ENHANCES,PENDING,89.7%,2.8,MEDIUM
US-261,**: Salary Projections,"As a job seeker, I want future salary projections so that I can plan my career",docs/9.x-user-interface/9.1-wireframes/07_salary_insights.md,BASIC,ENHANCES,PENDING,89.7%,2.8,MEDIUM
US-262,Career Milestone Tracker,Celebrating Your Professional Journey,docs/10.x-resources/10.6-requirements/ai-first-transformations/02-thread-5-professional-development-ai-conversations.md,BASIC,ENHANCES,PENDING,89.7%,2.8,MEDIUM
US-263,Regional Settings,As a user so that data is localized,docs/9.x-user-interface/9.1-wireframes/10_settings_personalization.md,BASIC,ENHANCES,PENDING,89.7%,2.8,MEDIUM
US-264,**: Pension Analysis,"As a job seeker, I want to understand pension contributions so that I can plan for retirement",docs/9.x-user-interface/9.1-wireframes/07_salary_insights.md,BASIC,ENHANCES,PENDING,89.7%,2.8,MEDIUM
US-265,Cultural Adaptation,As a international user so that content is relevant,docs/9.x-user-interface/9.1-wireframes/10_settings_personalization.md,BASIC,ENHANCES,PENDING,89.7%,2.8,MEDIUM
US-266,**: Decision Matrix,"As a job seeker, I want a decision framework so that I can evaluate offers objectively",docs/9.x-user-interface/9.1-wireframes/07_salary_insights.md,BASIC,ENHANCES,PENDING,89.7%,2.8,MEDIUM
US-267,**: Risk Assessment,"As a job seeker, I want to assess offer risks so that I can make informed decisions",docs/9.x-user-interface/9.1-wireframes/07_salary_insights.md,BASIC,ENHANCES,PENDING,89.7%,2.8,MEDIUM
US-268,through US-275),,docs/6.x-testing-docs/6.3-test-strategies/COMPREHENSIVE_TEST_PLAN_SCHEDULE.md,BASIC,ENHANCES,PENDING,89.7%,2.8,MEDIUM
US-269,Career Decision Matrix,Navigating Your Career Crossroads,docs/10.x-resources/10.6-requirements/ai-first-transformations/02-thread-5-professional-development-ai-conversations.md,BASIC,ENHANCES,PENDING,89.7%,2.8,MEDIUM
US-270,AI Resume Writer,As a job seeker so that I create better resumes,docs/9.x-user-interface/9.1-wireframes/04_cv_document_management.md,BASIC,ENHANCES,PENDING,89.7%,2.8,MEDIUM
US-271,AI Cover Letters,As a job seeker so that I personalize applications,docs/9.x-user-interface/9.1-wireframes/04_cv_document_management.md,BASIC,ENHANCES,PENDING,89.7%,2.8,MEDIUM
US-272,AI-powered search capabilities,,docs/9.x-user-interface/9.1-wireframes/02_job_search_discovery.md,BASIC,ENHANCES,PENDING,89.7%,2.8,MEDIUM
US-273,"| Industry Insights | ""Get insights about target industries"" |",,docs/9.x-user-interface/9.3-microservice-mapping/02-job-search-discovery-services.md,BASIC,ENHANCES,PENDING,89.7%,2.8,MEDIUM
US-274,Dynamic results and filtering,,docs/9.x-user-interface/9.1-wireframes/02_job_search_discovery.md,BASIC,ENHANCES,PENDING,89.7%,2.8,MEDIUM
US-275,AI Career Advisor,As a job seeker so that I make good decisions,docs/9.x-user-interface/9.1-wireframes/09_dashboard_analytics.md,BASIC,ENHANCES,PENDING,89.7%,2.8,MEDIUM
US-276,AI Content Optimizer,As a job seeker so that I improve existing materials,docs/9.x-user-interface/9.1-wireframes/04_cv_document_management.md,BASIC,ENHANCES,PENDING,89.7%,2.8,MEDIUM
US-277,Terms of Service,Understanding Our Partnership,docs/10.x-resources/10.6-requirements/ai-first-transformations/02-thread-5-professional-development-ai-conversations.md,BASIC,ENHANCES,PENDING,89.7%,2.8,MEDIUM
US-278,Privacy Policy,"Your Data, Your Control",docs/10.x-resources/10.6-requirements/ai-first-transformations/02-thread-5-professional-development-ai-conversations.md,BASIC,ENHANCES,PENDING,89.7%,2.8,MEDIUM
US-279,User Agreements,Our Success Partnership Agreement,docs/10.x-resources/10.6-requirements/ai-first-transformations/02-thread-5-professional-development-ai-conversations.md,BASIC,ENHANCES,PENDING,89.7%,2.8,MEDIUM
US-280,to US-323 (44 stories),,implementation-code/modules/BATCH-IMPLEMENTATION-PLAN-6x2GB.md,BASIC,ENHANCES,PENDING,89.7%,2.8,MEDIUM
US-284,"to US-298 (Timeline), US-400 to US-415 (Trends)",,implementation-code/modules/MODULE-NAMING-CONFLICTS-DETAILED-ANALYSIS.md,BASIC,ENHANCES,PENDING,89.7%,2.8,MEDIUM
US-288,to US-319),,docs/6.x-testing-docs/6.1-frameworks/ai-first-conversation-flow-testing-framework/03-10-automated-testing-pipeline.md,BASIC,ENHANCES,PENDING,89.7%,2.8,MEDIUM
US-291,to US-323),,docs/0.x-project-overview/0.2-execution/02-ai-execution-wave-plan.md,BASIC,ENHANCES,PENDING,89.7%,2.8,MEDIUM
US-293,Notification System,As a platform so that users receive updates,docs/9.x-user-interface/9.1-wireframes/03_application_tracking.md,BASIC,ENHANCES,PENDING,89.7%,2.8,MEDIUM
US-294,File Storage Abstraction,As a developer so that files work across environments,docs/9.x-user-interface/9.1-wireframes/04_cv_document_management.md,BASIC,ENHANCES,PENDING,89.7%,2.8,MEDIUM
US-296,through US-310),,docs/6.x-testing-docs/6.3-test-strategies/COMPREHENSIVE_TEST_PLAN_SCHEDULE.md,BASIC,ENHANCES,PENDING,89.7%,2.8,MEDIUM
US-297,OAuth2 Integration,As a user so that I can login easily,docs/9.x-user-interface/9.1-wireframes/10_settings_personalization.md,BASIC,ENHANCES,PENDING,89.7%,2.8,MEDIUM
US-298,Data management,"As a user, I want to manage my data",docs/9.x-user-interface/9.1-wireframes/10_settings_personalization.md,BASIC,ENHANCES,PENDING,89.7%,2.8,MEDIUM
US-299,"to US-309 (Feedback), US-180 to US-195 (Portals)",,implementation-code/modules/MODULE-NAMING-CONFLICTS-DETAILED-ANALYSIS.md,BASIC,ENHANCES,PENDING,89.7%,2.8,MEDIUM
US-300,| Video Practice | 05_interview.md | 5.9 |,,docs/9.x-user-interface/9.2-analysis-reports/01_gap_analysis_current/03_user_story_wireframe_mapping.md,BASIC,ENHANCES,PENDING,89.7%,2.8,MEDIUM
US-301,| Interview Checklist | 05_interview.md | 5.10 |,,docs/9.x-user-interface/9.2-analysis-reports/01_gap_analysis_current/03_user_story_wireframe_mapping.md,BASIC,ENHANCES,PENDING,89.7%,2.8,MEDIUM
US-302,Privacy Controls,As a user so that I control my data,docs/9.x-user-interface/9.1-wireframes/10_settings_personalization.md,BASIC,ENHANCES,PENDING,89.7%,2.8,MEDIUM
US-303,| Thank You Notes | 05_interview.md | 5.11 |,,docs/9.x-user-interface/9.2-analysis-reports/01_gap_analysis_current/03_user_story_wireframe_mapping.md,BASIC,ENHANCES,PENDING,89.7%,2.8,MEDIUM
US-304,| Interview History | 05_interview.md | 5.5 |,,docs/9.x-user-interface/9.2-analysis-reports/01_gap_analysis_current/03_user_story_wireframe_mapping.md,BASIC,ENHANCES,PENDING,89.7%,2.8,MEDIUM
US-306,Configuration Monitoring,As a system so that changes are tracked,docs/9.x-user-interface/9.1-wireframes/10_settings_personalization.md,BASIC,ENHANCES,PENDING,89.7%,2.8,MEDIUM
US-308,|,,docs/9.x-user-interface/9.1-wireframes/00_index.md,BASIC,ENHANCES,PENDING,89.7%,2.8,MEDIUM
US-309,Voice Job Search,As a job seeker so that I can search hands-free,docs/9.x-user-interface/9.1-wireframes/10_settings_personalization.md,BASIC,ENHANCES,PENDING,89.7%,2.8,MEDIUM
US-310,Voice search and commands,,docs/9.x-user-interface/9.1-wireframes/02_job_search_discovery.md,BASIC,ENHANCES,PENDING,89.7%,2.8,MEDIUM
US-311,through US-328),,docs/6.x-testing-docs/6.3-test-strategies/COMPREHENSIVE_TEST_PLAN_SCHEDULE.md,BASIC,ENHANCES,PENDING,89.7%,2.8,MEDIUM
US-314,to US-370),,docs/8.x-reports/8.4-guidelines/03-testing-checklist.md,BASIC,ENHANCES,PENDING,89.7%,2.8,MEDIUM
US-317,MCP Standards Integration,As a platform developer so that AI assistants can interact with our platform effectively,docs/9.x-user-interface/9.1-wireframes/08_ai_conversation_flows.md,MEDIUM,SUPPORTS,PENDING,89.7%,2.8,HIGH
US-318,"| Quick Actions | As a user, I want quick action buttons so that common tasks are fast |",,docs/9.x-user-interface/9.6-complete-microservice-mapping/05-analytics-ai-complete.md,BASIC,ENHANCES,PENDING,89.7%,2.8,MEDIUM
US-319,"| Chat History | As a user, I want searchable chat history so that I can find past information |",,docs/9.x-user-interface/9.6-complete-microservice-mapping/05-analytics-ai-complete.md,BASIC,ENHANCES,PENDING,89.7%,2.8,MEDIUM
US-320,RAV Timeline Tracking,"As a RAV-registered job seeker, I want to track how much time I have left on benefits (up to 24 months or more) so that I can plan my job search strategy accordingly",docs/9.x-user-interface/9.1-wireframes/06_rav_compliance.md,BASIC,ENHANCES,PENDING,89.7%,2.8,MEDIUM
US-321,Adaptive Emotional Support,"As a job seeker facing time pressure, I want to receive appropriate emotional support and practical guidance so that I stay motivated and take effective action",docs/9.x-user-interface/9.1-wireframes/08_ai_conversation_flows.md,BASIC,ENHANCES,PENDING,89.7%,2.8,MEDIUM
US-322,|,,docs/9.x-user-interface/9.1-wireframes/00_index.md,BASIC,ENHANCES,PENDING,89.7%,2.8,MEDIUM
US-323,|,,docs/9.x-user-interface/9.1-wireframes/00_index.md,BASIC,ENHANCES,PENDING,89.7%,2.8,MEDIUM
US-324,RAV Counselor Timeline Visibility,"As a RAV counselor, I want to see which clients are approaching benefit expiration so that I can provide targeted support and interventions",docs/9.x-user-interface/9.1-wireframes/06_rav_compliance.md,BASIC,ENHANCES,PENDING,89.7%,2.8,MEDIUM
US-325,"| RAV Communication | As a user, I want integrated RAV communication so that correspondence is tracked |",,docs/9.x-user-interface/9.6-complete-microservice-mapping/06-swiss-compliance-complete.md,BASIC,ENHANCES,PENDING,89.7%,2.8,MEDIUM
US-326,Success Probability Insights,"As a job seeker, I want to understand success patterns for my timeline stage so that I can set realistic expectations",docs/9.x-user-interface/9.1-wireframes/09_dashboard_analytics.md,BASIC,ENHANCES,PENDING,89.7%,2.8,MEDIUM
US-327,Timeline-Based Community Groups,"As a job seeker, I want to connect with others at similar timeline stages",docs/9.x-user-interface/9.1-wireframes/10_settings_personalization.md,BASIC,ENHANCES,PENDING,89.7%,2.8,MEDIUM
US-328,Benefit Extension Information,"As a RAV-registered job seeker, I want to understand options for benefit extensions so that I can plan accordingly if eligible",docs/9.x-user-interface/9.1-wireframes/06_rav_compliance.md,BASIC,ENHANCES,PENDING,89.7%,2.8,MEDIUM
US-329,through US-336),,docs/6.x-testing-docs/6.3-test-strategies/COMPREHENSIVE_TEST_PLAN_SCHEDULE.md,BASIC,ENHANCES,PENDING,89.7%,2.8,MEDIUM
US-330,Progressive Onboarding Flow,"As a new user, I want to be guided through an onboarding process after registration so that the platform can understand my needs and provide appropriate support",docs/9.x-user-interface/9.1-wireframes/01_onboarding.md,BASIC,ENHANCES,PENDING,89.7%,2.8,MEDIUM
US-331,|,,docs/9.x-user-interface/9.1-wireframes/00_index.md,BASIC,ENHANCES,PENDING,89.7%,2.8,MEDIUM
US-332,Goal Setting Wizard,"As a new user, I want to set clear job search goals so that I can track my progress effectively",docs/9.x-user-interface/9.1-wireframes/01_onboarding.md,BASIC,ENHANCES,PENDING,89.7%,2.8,MEDIUM
US-333,Personalized Dashboard Setup,"As a new user, I want to customize my dashboard during onboarding so that I see the most relevant information",docs/9.x-user-interface/9.1-wireframes/01_onboarding.md,BASIC,ENHANCES,PENDING,89.7%,2.8,MEDIUM
US-334,Tutorial System,"As a new user, I want to access interactive tutorials so that I can learn platform features effectively",docs/9.x-user-interface/9.1-wireframes/01_onboarding.md,BASIC,ENHANCES,PENDING,89.7%,2.8,MEDIUM
US-335,Welcome Email Sequence,"As a new user, I want to receive helpful onboarding emails so that I stay engaged and learn platform features",docs/9.x-user-interface/9.1-wireframes/01_onboarding.md,MEDIUM,SUPPORTS,PENDING,89.7%,2.8,HIGH
US-336,Profile Completion Tracking,"As a user, I want to see my profile completion progress so that I can improve my job search effectiveness",docs/9.x-user-interface/9.1-wireframes/01_onboarding.md,BASIC,ENHANCES,PENDING,89.7%,2.8,MEDIUM
US-337,First Week Checklist,As a new user so that I maximize platform benefits quickly,docs/9.x-user-interface/9.1-wireframes/01_onboarding.md,BASIC,ENHANCES,PENDING,89.7%,2.8,MEDIUM
US-338,Onboarding Analytics,As a product manager so that I can optimize the user experience,docs/9.x-user-interface/9.1-wireframes/01_onboarding.md,BASIC,ENHANCES,PENDING,89.7%,2.8,MEDIUM
US-339,| 3 | LOW | 500 |,,docs/9.x-user-interface/9.1-wireframes/01_onboarding.md,BASIC,ENHANCES,PENDING,89.7%,2.8,MEDIUM
US-340,Onboarding A/B Testing,"As a product manager, I want to A/B test different onboarding flows so that I can optimize conversion and engagement",docs/9.x-user-interface/9.1-wireframes/01_onboarding.md,BASIC,ENHANCES,PENDING,89.7%,2.8,MEDIUM
US-341,|,,docs/9.x-user-interface/9.1-wireframes/00_index.md,BASIC,ENHANCES,PENDING,89.7%,2.8,MEDIUM
US-342,**: Real-Time Mood Detection,As a job seeker so that it can provide appropriate support and encouragement,docs/9.x-user-interface/9.1-wireframes/09_dashboard_analytics.md,BASIC,ENHANCES,PENDING,89.7%,2.8,MEDIUM
US-343,UI Adaptation Based on Mood,As a stressed job seeker so that I can focus on essential tasks,docs/9.x-user-interface/9.1-wireframes/08_ai_conversation_flows.md,BASIC,ENHANCES,PENDING,89.7%,2.8,MEDIUM
US-344,Personalized Emotional Messaging,As a discouraged job seeker so that I feel understood and motivated,docs/9.x-user-interface/9.1-wireframes/08_ai_conversation_flows.md,BASIC,ENHANCES,PENDING,89.7%,2.8,MEDIUM
US-345,Mood Journey Visualization,As a job seeker so that I can understand my patterns and progress,docs/9.x-user-interface/9.1-wireframes/08_ai_conversation_flows.md,BASIC,ENHANCES,PENDING,89.7%,2.8,MEDIUM
US-346,Pre-Application Emotional Check,,docs/2.x-implementation-docs/2.2-transformations/04-ai-first-business-operations-transformations-us341-356.md,BASIC,ENHANCES,PENDING,89.7%,2.8,MEDIUM
US-347,Interview Confidence Booster,,docs/2.x-implementation-docs/2.2-transformations/04-ai-first-business-operations-transformations-us341-356.md,BASIC,ENHANCES,PENDING,89.7%,2.8,MEDIUM
US-348,Rejection Resilience Support,,docs/2.x-implementation-docs/2.2-transformations/04-ai-first-business-operations-transformations-us341-356.md,BASIC,ENHANCES,PENDING,89.7%,2.8,MEDIUM
US-349,Celebration Amplification,,docs/2.x-implementation-docs/2.2-transformations/04-ai-first-business-operations-transformations-us341-356.md,BASIC,ENHANCES,PENDING,89.7%,2.8,MEDIUM
US-350,Stress Detection and Intervention,,docs/2.x-implementation-docs/2.2-transformations/04-ai-first-business-operations-transformations-us341-356.md,BASIC,ENHANCES,PENDING,89.7%,2.8,MEDIUM
US-351,Motivational Momentum Tracking,As a job seeker so that it can help maintain my momentum,docs/9.x-user-interface/9.1-wireframes/09_dashboard_analytics.md,MEDIUM,SUPPORTS,PENDING,89.7%,2.8,HIGH
US-352,Emotional Analytics Dashboard,As a job seeker so that I can optimize my job search timing,docs/9.x-user-interface/9.1-wireframes/08_ai_conversation_flows.md,BASIC,ENHANCES,PENDING,89.7%,2.8,MEDIUM
US-353,Peer Mood Matching,,docs/2.x-implementation-docs/2.2-transformations/04-ai-first-business-operations-transformations-us341-356.md,BASIC,ENHANCES,PENDING,89.7%,2.8,MEDIUM
US-354,|,,docs/9.x-user-interface/9.1-wireframes/00_index.md,BASIC,ENHANCES,PENDING,89.7%,2.8,MEDIUM
US-355,Mood-Based Feature Discovery,As a job seeker so that I discover helpful tools when I need them,docs/9.x-user-interface/9.1-wireframes/09_dashboard_analytics.md,BASIC,ENHANCES,PENDING,89.7%,2.8,MEDIUM
US-356,Emotional Privacy Controls,,docs/2.x-implementation-docs/2.2-transformations/04-ai-first-business-operations-transformations-us341-356.md,BASIC,ENHANCES,PENDING,89.7%,2.8,MEDIUM
US-357,to US-409)**,,implementation-code/modules/COMPREHENSIVE-GAP-ANALYSIS-456-STORIES-VS-77-MODULES-2025-01-16.md,BASIC,ENHANCES,PENDING,89.7%,2.8,MEDIUM
US-358,Discovery Mode,As a job seeker so that I can pivot my career,docs/9.x-user-interface/9.1-wireframes/02_job_search_discovery.md,BASIC,ENHANCES,PENDING,89.7%,2.8,MEDIUM
US-359,Voice Job Search,As a job seeker so that I can search hands-free,docs/9.x-user-interface/9.1-wireframes/08_ai_conversation_flows.md,BASIC,ENHANCES,PENDING,89.7%,2.8,MEDIUM
US-360,Commute Analysis,As a job seeker so that I can factor commute into decisions,docs/9.x-user-interface/9.1-wireframes/02_job_search_discovery.md,BASIC,ENHANCES,PENDING,89.7%,2.8,MEDIUM
US-361,Job Change Alerts,As a job seeker so that I stay informed of updates,docs/9.x-user-interface/9.1-wireframes/02_job_search_discovery.md,BASIC,ENHANCES,PENDING,89.7%,2.8,MEDIUM
US-362,Similar Jobs,As a job seeker so that I expand my options,docs/9.x-user-interface/9.1-wireframes/02_job_search_discovery.md,BASIC,ENHANCES,PENDING,89.7%,2.8,MEDIUM
US-363,Personal Qualities Identifier,,implementation-code/modules/rav-assessment-conversational-transformations.md,BASIC,ENHANCES,PENDING,89.7%,2.8,MEDIUM
US-364,Comprehensive Keyword Generator,,implementation-code/modules/rav-assessment-conversational-transformations.md,BASIC,ENHANCES,PENDING,89.7%,2.8,MEDIUM
US-365,SMART Goals Workshop,,implementation-code/modules/rav-assessment-conversational-transformations.md,BASIC,ENHANCES,PENDING,89.7%,2.8,MEDIUM
US-366,Career Positioning Matrix,,implementation-code/modules/rav-assessment-conversational-transformations.md,BASIC,ENHANCES,PENDING,89.7%,2.8,MEDIUM
US-367,Task Derivation Engine,,implementation-code/modules/rav-assessment-conversational-transformations.md,BASIC,ENHANCES,PENDING,89.7%,2.8,MEDIUM
US-368,Multi-Dimensional Job Targeter,,implementation-code/modules/rav-assessment-conversational-transformations.md,BASIC,ENHANCES,PENDING,89.7%,2.8,MEDIUM
US-369,Employer Probability Calculator,,implementation-code/modules/rav-assessment-conversational-transformations.md,BASIC,ENHANCES,PENDING,89.7%,2.8,MEDIUM
US-370,"Transform ""Resource assessment"" → ""What resources do you need?""",,implementation-code/modules/IMPLEMENTATION-TODO-TRACKER-426-STORIES.md,BASIC,ENHANCES,PENDING,89.7%,2.8,MEDIUM
US-371,"Transform ""Progress tracking"" → ""How will we measure success?""",,implementation-code/modules/IMPLEMENTATION-TODO-TRACKER-426-STORIES.md,BASIC,ENHANCES,PENDING,89.7%,2.8,MEDIUM
US-372,Eight-Dimension Preference Profiler,,implementation-code/modules/rav-assessment-conversational-transformations.md,BASIC,ENHANCES,PENDING,89.7%,2.8,MEDIUM
US-373,"Transform ""Value clarification"" → ""What matters most in your work?""",,implementation-code/modules/IMPLEMENTATION-TODO-TRACKER-426-STORIES.md,BASIC,ENHANCES,PENDING,89.7%,2.8,MEDIUM
US-374,Market Context Analyzer,,implementation-code/modules/rav-assessment-conversational-transformations.md,BASIC,ENHANCES,PENDING,89.7%,2.8,MEDIUM
US-375,Own Proposition Builder,,implementation-code/modules/rav-assessment-conversational-transformations.md,BASIC,ENHANCES,PENDING,89.7%,2.8,MEDIUM
US-376,"Transform ""Role definition"" → ""What role would fulfill you?""",,implementation-code/modules/IMPLEMENTATION-TODO-TRACKER-426-STORIES.md,BASIC,ENHANCES,PENDING,89.7%,2.8,MEDIUM
US-377,"Transform ""Company research form"" → ""What kind of company culture fits you?""",,implementation-code/modules/IMPLEMENTATION-TODO-TRACKER-426-STORIES.md,BASIC,ENHANCES,PENDING,89.7%,2.8,MEDIUM
US-378,Keyword Extraction Wizard,,implementation-code/modules/rav-assessment-conversational-transformations.md,BASIC,ENHANCES,PENDING,89.7%,2.8,MEDIUM
US-379,"Transform ""Salary expectations"" → ""What compensation feels fair?""",,implementation-code/modules/IMPLEMENTATION-TODO-TRACKER-426-STORIES.md,BASIC,ENHANCES,PENDING,89.7%,2.8,MEDIUM
US-380,USP Development Workshop,,implementation-code/modules/rav-assessment-conversational-transformations.md,BASIC,ENHANCES,PENDING,89.7%,2.8,MEDIUM
US-381,Networking Goal Tracker,"As a job seeker, I want to set and track networking goals for job search assistance so that I can maintain consistent outreach efforts",docs/9.x-user-interface/9.1-wireframes/09_dashboard_analytics.md,MEDIUM,SUPPORTS,PENDING,89.7%,2.8,HIGH
US-382,"Transform ""Team preferences"" → ""How do you like to collaborate?""",,implementation-code/modules/IMPLEMENTATION-TODO-TRACKER-426-STORIES.md,BASIC,ENHANCES,PENDING,89.7%,2.8,MEDIUM
US-383,Recruiter Empathy Map Builder,,implementation-code/modules/rav-assessment-conversational-transformations.md,BASIC,ENHANCES,PENDING,89.7%,2.8,MEDIUM
US-384,Professional Network Mapper,,implementation-code/modules/rav-assessment-conversational-transformations.md,BASIC,ENHANCES,PENDING,89.7%,2.8,MEDIUM
US-385,"Transform ""Learning goals"" → ""What do you want to learn?""",,implementation-code/modules/IMPLEMENTATION-TODO-TRACKER-426-STORIES.md,BASIC,ENHANCES,PENDING,89.7%,2.8,MEDIUM
US-386,Multi-Channel Strategy Planner,,implementation-code/modules/rav-assessment-conversational-transformations.md,BASIC,ENHANCES,PENDING,89.7%,2.8,MEDIUM
US-387,"Transform ""Network mapping"" → ""Who's in your professional circle?""",,implementation-code/modules/IMPLEMENTATION-TODO-TRACKER-426-STORIES.md,BASIC,ENHANCES,PENDING,89.7%,2.8,MEDIUM
US-388,"Transform ""Reference management"" → ""Who can vouch for your work?""",,implementation-code/modules/IMPLEMENTATION-TODO-TRACKER-426-STORIES.md,BASIC,ENHANCES,PENDING,89.7%,2.8,MEDIUM
US-389,"Transform ""Portfolio creation"" → ""Show me your best work""",,implementation-code/modules/IMPLEMENTATION-TODO-TRACKER-426-STORIES.md,BASIC,ENHANCES,PENDING,89.7%,2.8,MEDIUM
US-390,"Transform ""Brand development"" → ""How do you want to be known?""",,implementation-code/modules/IMPLEMENTATION-TODO-TRACKER-426-STORIES.md,BASIC,ENHANCES,PENDING,89.7%,2.8,MEDIUM
US-391,LinkedIn Profile Import During Onboarding,"As a new user, I want to import my LinkedIn profile during onboarding so that I can quickly populate my Job Tracker Pro profile with my professional information",docs/9.x-user-interface/9.1-wireframes/01_onboarding.md,BASIC,ENHANCES,PENDING,89.7%,2.8,MEDIUM
US-392,LinkedIn Profile Completeness Analysis,"As a new user, I want to see an analysis of my LinkedIn profile completeness so that I can identify areas for improvement before starting my job search",docs/9.x-user-interface/9.1-wireframes/01_onboarding.md,BASIC,ENHANCES,PENDING,89.7%,2.8,MEDIUM
US-393,Skills Gap Analysis from LinkedIn,As a new user so that I can identify skills I need to develop,docs/9.x-user-interface/9.1-wireframes/01_onboarding.md,BASIC,ENHANCES,PENDING,89.7%,2.8,MEDIUM
US-394,LinkedIn Network Analysis for Job Opportunities,"As a new user, I want to analyze my LinkedIn network during onboarding so that I can identify potential job opportunities through connections",docs/9.x-user-interface/9.1-wireframes/01_onboarding.md,BASIC,ENHANCES,PENDING,89.7%,2.8,MEDIUM
US-395,LinkedIn Profile Keyword Optimization,"As a new user, I want to receive keyword recommendations based on my LinkedIn profile so that I can optimize it for recruiter searches",docs/9.x-user-interface/9.1-wireframes/01_onboarding.md,BASIC,ENHANCES,PENDING,89.7%,2.8,MEDIUM
US-396,LinkedIn Activity Analysis,As a new user so that I can understand how to improve my professional presence,docs/9.x-user-interface/9.1-wireframes/01_onboarding.md,BASIC,ENHANCES,PENDING,89.7%,2.8,MEDIUM
US-397,Profile Sync Automation ✅,"As a user with a LinkedIn profile, I want to schedule automatic profile syncs so that my job search profile stays up-to-date with my LinkedIn changes",docs/9.x-user-interface/9.1-wireframes/01_onboarding.md,BASIC,ENHANCES,PENDING,89.7%,2.8,MEDIUM
US-398,"""Let's review your job search activities together""",,implementation-code/modules/BATCH-IMPLEMENTATION-PLAN-6x2GB.md,BASIC,ENHANCES,PENDING,89.7%,2.8,MEDIUM
US-399,"""Tell me about the positions you explored""",,implementation-code/modules/BATCH-IMPLEMENTATION-PLAN-6x2GB.md,BASIC,ENHANCES,PENDING,89.7%,2.8,MEDIUM
US-400,"""What challenges did you face this month?""",,implementation-code/modules/BATCH-IMPLEMENTATION-PLAN-6x2GB.md,BASIC,ENHANCES,PENDING,89.7%,2.8,MEDIUM
US-401,"""Share your networking efforts""",,implementation-code/modules/BATCH-IMPLEMENTATION-PLAN-6x2GB.md,BASIC,ENHANCES,PENDING,89.7%,2.8,MEDIUM
US-402,"""Describe your skill development activities""",,implementation-code/modules/BATCH-IMPLEMENTATION-PLAN-6x2GB.md,BASIC,ENHANCES,PENDING,89.7%,2.8,MEDIUM
US-403,"""How many applications did you submit?""",,implementation-code/modules/BATCH-IMPLEMENTATION-PLAN-6x2GB.md,BASIC,ENHANCES,PENDING,89.7%,2.8,MEDIUM
US-404,"""Which interviews did you attend?""",,implementation-code/modules/BATCH-IMPLEMENTATION-PLAN-6x2GB.md,BASIC,ENHANCES,PENDING,89.7%,2.8,MEDIUM
US-405,"""What feedback have you received?""",,implementation-code/modules/BATCH-IMPLEMENTATION-PLAN-6x2GB.md,BASIC,ENHANCES,PENDING,89.7%,2.8,MEDIUM
US-406,"""How can we improve your search strategy?""",,implementation-code/modules/BATCH-IMPLEMENTATION-PLAN-6x2GB.md,BASIC,ENHANCES,PENDING,89.7%,2.8,MEDIUM
US-407,"""Let's plan next month's activities""",,implementation-code/modules/BATCH-IMPLEMENTATION-PLAN-6x2GB.md,BASIC,ENHANCES,PENDING,89.7%,2.8,MEDIUM
US-408,"""Confirm your availability status""",,implementation-code/modules/BATCH-IMPLEMENTATION-PLAN-6x2GB.md,BASIC,ENHANCES,PENDING,89.7%,2.8,MEDIUM
US-409,- Module assignments and dependencies,,docs/13.x-prompts/extracted/raw_docx_text.txt,BASIC,ENHANCES,PENDING,89.7%,2.8,MEDIUM
US-410,to US-456)**,,implementation-code/modules/COMPREHENSIVE-GAP-ANALYSIS-456-STORIES-VS-77-MODULES-2025-01-16.md,BASIC,ENHANCES,PENDING,89.7%,2.8,MEDIUM
US-411,Success Story Library,Victory Celebration Partner,implementation-code/modules/day2-training-ai-first-conversational-transformations.md,BASIC,ENHANCES,PENDING,89.7%,2.8,MEDIUM
US-412,Application Strategy Optimizer,Strategic Application Advisor,implementation-code/modules/day2-training-ai-first-conversational-transformations.md,BASIC,ENHANCES,PENDING,89.7%,2.8,MEDIUM
US-413,Regional Market Adapter,Local Market Expert,implementation-code/modules/day2-training-ai-first-conversational-transformations.md,BASIC,ENHANCES,PENDING,89.7%,2.8,MEDIUM
US-414,ATS Optimization Engine,Resume Optimization Specialist,implementation-code/modules/day2-training-ai-first-conversational-transformations.md,BASIC,ENHANCES,PENDING,89.7%,2.8,MEDIUM
US-415,Rejection Learning System,Resilience Building Coach,implementation-code/modules/day2-training-ai-first-conversational-transformations.md,BASIC,ENHANCES,PENDING,89.7%,2.8,MEDIUM
US-416,Application Quality Scorer,Application Excellence Coach,implementation-code/modules/day2-training-ai-first-conversational-transformations.md,BASIC,ENHANCES,PENDING,89.7%,2.8,MEDIUM
US-417,Guerrilla Tactics Generator,Creative Strategy Innovator,implementation-code/modules/day2-training-ai-first-conversational-transformations.md,BASIC,ENHANCES,PENDING,89.7%,2.8,MEDIUM
US-418,Digital Footprint Manager,Online Presence Optimizer,implementation-code/modules/day2-training-ai-first-conversational-transformations.md,BASIC,ENHANCES,PENDING,89.7%,2.8,MEDIUM
US-419,Cultural Fit Analyzer,Culture Match Advisor,implementation-code/modules/day2-training-ai-first-conversational-transformations.md,BASIC,ENHANCES,PENDING,89.7%,2.8,MEDIUM
US-420,Salary Negotiation Strategist,Compensation Negotiation Partner,implementation-code/modules/day2-training-ai-first-conversational-transformations.md,BASIC,ENHANCES,PENDING,89.7%,2.8,MEDIUM
US-421,Application Timeline Optimizer,Strategic Timing Advisor,implementation-code/modules/day2-training-ai-first-conversational-transformations.md,BASIC,ENHANCES,PENDING,89.7%,2.8,MEDIUM
US-422,Referral Request Manager,Referral Relationship Builder,implementation-code/modules/day2-training-ai-first-conversational-transformations.md,BASIC,ENHANCES,PENDING,89.7%,2.8,MEDIUM
US-423,Portfolio Integration Hub,Work Showcase Curator,implementation-code/modules/day2-training-ai-first-conversational-transformations.md,BASIC,ENHANCES,PENDING,89.7%,2.8,MEDIUM
US-424,Video Application Creator,Video Confidence Builder,implementation-code/modules/day2-training-ai-first-conversational-transformations.md,BASIC,ENHANCES,PENDING,89.7%,2.8,MEDIUM
US-425,Recruiter Behavior Analyzer,Recruiter Psychology Expert,implementation-code/modules/day2-training-ai-first-conversational-transformations.md,BASIC,ENHANCES,PENDING,89.7%,2.8,MEDIUM
US-426,Market Trends Predictor,Market Intelligence Advisor,implementation-code/modules/day2-training-ai-first-conversational-transformations.md,MEDIUM,SUPPORTS,PENDING,89.7%,2.8,HIGH
US-427,Competition Benchmarker,Strategic Market Intelligence Coach,implementation-code/modules/day2-training-complete-ai-first-summary.md,MEDIUM,SUPPORTS,PENDING,89.7%,2.8,HIGH
US-428,Success Pattern Recognizer,Career Success Archeologist,implementation-code/modules/day2-training-complete-ai-first-summary.md,BASIC,ENHANCES,PENDING,89.7%,2.8,MEDIUM
US-429,Channel ROI Calculator,Strategic Effort Investment Advisor,implementation-code/modules/day2-training-complete-ai-first-summary.md,BASIC,ENHANCES,PENDING,89.7%,2.8,MEDIUM
US-430,Keyword Performance Tracker,Strategic Keyword Intelligence Coach,implementation-code/modules/day2-training-advanced-ai-first-conversational-transformations.md,MEDIUM,SUPPORTS,PENDING,89.7%,2.8,HIGH
US-431,Network Value Analyzer,Relationship Capital Strategist,implementation-code/modules/day2-training-advanced-ai-first-conversational-transformations.md,BASIC,ENHANCES,PENDING,89.7%,2.8,MEDIUM
US-432,Application Conversion Funnel,Career Pipeline Optimization Expert,implementation-code/modules/day2-training-advanced-ai-first-conversational-transformations.md,BASIC,ENHANCES,PENDING,89.7%,2.8,MEDIUM
US-433,Personal Story Builder,Narrative Identity Architect,implementation-code/modules/day2-training-advanced-ai-first-conversational-transformations.md,BASIC,ENHANCES,PENDING,89.7%,2.8,MEDIUM
US-434,USP Development Workshop,Unique Value Proposition Designer,implementation-code/modules/day2-training-advanced-ai-first-conversational-transformations.md,BASIC,ENHANCES,PENDING,89.7%,2.8,MEDIUM
US-435,Impact Statement Generator,Achievement Amplification Specialist,implementation-code/modules/day2-training-advanced-ai-first-conversational-transformations.md,BASIC,ENHANCES,PENDING,89.7%,2.8,MEDIUM
US-436,Demographic Profile Capture,"As a new user, I want to provide my gender and age during onboarding so that I receive personalized emotional support messages",docs/9.x-user-interface/9.1-wireframes/08_ai_conversation_flows.md,BASIC,ENHANCES,PENDING,89.7%,2.8,MEDIUM
US-437,Emotional Privacy Controls,As a privacy-conscious user so that I feel safe using mood features,docs/9.x-user-interface/9.1-wireframes/08_ai_conversation_flows.md,BASIC,ENHANCES,PENDING,89.7%,2.8,MEDIUM
US-438,User Registration,"As a new user, I want to register for an account so that I can access the job tracking features",docs/9.x-user-interface/9.1-wireframes/01_onboarding.md,BASIC,ENHANCES,PENDING,89.7%,2.8,MEDIUM
US-439,Career Narrative Optimizer,Professional Story Alchemist,implementation-code/modules/day2-training-advanced-ai-first-conversational-transformations.md,BASIC,ENHANCES,PENDING,89.7%,2.8,MEDIUM
US-440,Achievement Quantifier,Impact Metrics Specialist,implementation-code/modules/day2-training-advanced-ai-first-conversational-transformations.md,BASIC,ENHANCES,PENDING,89.7%,2.8,MEDIUM
US-441,Personal Brand Auditor,Brand Consistency Inspector,implementation-code/modules/day2-training-advanced-ai-first-conversational-transformations.md,BASIC,ENHANCES,PENDING,89.7%,2.8,MEDIUM
US-442,Testimonial Collector,Social Proof Orchestrator,implementation-code/modules/day2-training-advanced-ai-first-conversational-transformations.md,BASIC,ENHANCES,PENDING,89.7%,2.8,MEDIUM
US-443,Thought Leadership Planner,Authority Building Architect,implementation-code/modules/day2-training-advanced-ai-first-conversational-transformations.md,BASIC,ENHANCES,PENDING,89.7%,2.8,MEDIUM
US-444,Skills Gap Identifier,Strategic Capability Developer,implementation-code/modules/day2-training-advanced-ai-first-conversational-transformations.md,BASIC,ENHANCES,PENDING,89.7%,2.8,MEDIUM
US-445,Strategic Network Mapper,Opportunity Ecosystem Designer,implementation-code/modules/day2-training-advanced-ai-first-conversational-transformations.md,BASIC,ENHANCES,PENDING,89.7%,2.8,MEDIUM
US-446,Warm Introduction Facilitator,Connection Catalyst Strategist,implementation-code/modules/day2-training-advanced-ai-first-conversational-transformations.md,BASIC,ENHANCES,PENDING,89.7%,2.8,MEDIUM
US-447,Networking Event ROI Tracker,Strategic Relationship Investment Analyst,implementation-code/modules/day2-training-advanced-ai-first-conversational-transformations.md,BASIC,ENHANCES,PENDING,89.7%,2.8,MEDIUM
US-448,Relationship Strength Calculator,Connection Depth Analyst,implementation-code/modules/day2-training-advanced-ai-first-conversational-transformations.md,BASIC,ENHANCES,PENDING,89.7%,2.8,MEDIUM
US-449,Value-First Networking Planner,Reciprocity Strategist,implementation-code/modules/day2-training-advanced-ai-first-conversational-transformations.md,BASIC,ENHANCES,PENDING,89.7%,2.8,MEDIUM
US-450,Alumni Network Activator,Academic Tribe Strategist,implementation-code/modules/day2-training-advanced-ai-first-conversational-transformations.md,BASIC,ENHANCES,PENDING,89.7%,2.8,MEDIUM
US-451,Industry Community Navigator,Professional Tribe Builder,implementation-code/modules/day2-training-advanced-ai-first-conversational-transformations.md,BASIC,ENHANCES,PENDING,89.7%,2.8,MEDIUM
US-452,Mentor Matching System,Growth Partnership Architect,implementation-code/modules/day2-training-advanced-ai-first-conversational-transformations.md,BASIC,ENHANCES,PENDING,89.7%,2.8,MEDIUM
US-453,Coffee Chat Optimizer,Strategic Conversation Architect,implementation-code/modules/day2-training-advanced-ai-first-conversational-transformations.md,BASIC,ENHANCES,PENDING,89.7%,2.8,MEDIUM
US-454,Social Proof Aggregator,Credibility Portfolio Curator,implementation-code/modules/day2-training-advanced-ai-first-conversational-transformations.md,BASIC,ENHANCES,PENDING,89.7%,2.8,MEDIUM
US-455,Network Nurturing Scheduler,Relationship Gardening System,implementation-code/modules/day2-training-advanced-ai-first-conversational-transformations.md,BASIC,ENHANCES,PENDING,89.7%,2.8,MEDIUM
US-456,Referral Network Builder,Advocacy Ecosystem Creator,implementation-code/modules/day2-training-advanced-ai-first-conversational-transformations.md,BASIC,ENHANCES,PENDING,89.7%,2.8,MEDIUM
US-501,"As a job seeker, I want AI to automatically detect my canton so that I receive canton-specific guidance",,docs/5.x-business-features/5.2-swiss-compliance/02-swiss-compliance-strategic-plan.md,BASIC,ENHANCES,PENDING,89.7%,2.8,MEDIUM
US-502,"As a job seeker, I want AI to prepare my monthly RAV declaration through conversation",,docs/5.x-business-features/5.2-swiss-compliance/02-swiss-compliance-strategic-plan.md,BASIC,ENHANCES,PENDING,89.7%,2.8,MEDIUM
US-503,"As a job seeker, I want AI to track my job search activities automatically",,docs/5.x-business-features/5.2-swiss-compliance/02-swiss-compliance-strategic-plan.md,BASIC,ENHANCES,PENDING,89.7%,2.8,MEDIUM
US-504,"As a job seeker, I want AI to calculate my unemployment benefits",,docs/5.x-business-features/5.2-swiss-compliance/02-swiss-compliance-strategic-plan.md,BASIC,ENHANCES,PENDING,89.7%,2.8,MEDIUM
US-505,"As a job seeker, I want AI to remind me of RAV obligations",,docs/5.x-business-features/5.2-swiss-compliance/02-swiss-compliance-strategic-plan.md,BASIC,ENHANCES,PENDING,89.7%,2.8,MEDIUM
US-506,through US-545 continue with similar patterns for,,docs/5.x-business-features/5.2-swiss-compliance/02-swiss-compliance-strategic-plan.md,BASIC,ENHANCES,PENDING,89.7%,2.8,MEDIUM
US-546,"As a job seeker, I want AI to search arbeit.swiss Job-Room naturally",,docs/5.x-business-features/5.2-swiss-compliance/02-swiss-compliance-strategic-plan.md,BASIC,ENHANCES,PENDING,89.7%,2.8,MEDIUM
US-547,"As a job seeker, I want AI to sync my applications with official systems",,docs/5.x-business-features/5.2-swiss-compliance/02-swiss-compliance-strategic-plan.md,BASIC,ENHANCES,PENDING,89.7%,2.8,MEDIUM
US-571,"As a job seeker, I want AI to handle canton-specific requirements",,docs/5.x-business-features/5.2-swiss-compliance/02-swiss-compliance-strategic-plan.md,BASIC,ENHANCES,PENDING,89.7%,2.8,MEDIUM
US-601,"As a job seeker, I want AI to search all Swiss job portals simultaneously",,docs/5.x-business-features/5.2-swiss-compliance/02-swiss-compliance-strategic-plan.md,BASIC,ENHANCES,PENDING,89.7%,2.8,MEDIUM
US-602,"As a job seeker, I want AI to track new postings in real-time",,docs/5.x-business-features/5.2-swiss-compliance/02-swiss-compliance-strategic-plan.md,BASIC,ENHANCES,PENDING,89.7%,2.8,MEDIUM
US-603,"As a job seeker, I want AI to provide salary intelligence",,docs/5.x-business-features/5.2-swiss-compliance/02-swiss-compliance-strategic-plan.md,BASIC,ENHANCES,PENDING,89.7%,2.8,MEDIUM
US-621,"As a job seeker, I want AI to identify companies likely to hire",,docs/5.x-business-features/5.2-swiss-compliance/02-swiss-compliance-strategic-plan.md,BASIC,ENHANCES,PENDING,89.7%,2.8,MEDIUM
US-622,"As a job seeker, I want AI to leverage my network intelligently",,docs/5.x-business-features/5.2-swiss-compliance/02-swiss-compliance-strategic-plan.md,BASIC,ENHANCES,PENDING,89.7%,2.8,MEDIUM
US-641,"As a job seeker, I want AI to provide deep company insights",,docs/5.x-business-features/5.2-swiss-compliance/02-swiss-compliance-strategic-plan.md,BASIC,ENHANCES,PENDING,89.7%,2.8,MEDIUM
US-701,"As a job seeker, I want AI to recommend relevant training",,docs/5.x-business-features/5.2-swiss-compliance/02-swiss-compliance-strategic-plan.md,BASIC,ENHANCES,PENDING,89.7%,2.8,MEDIUM
US-702,"As a job seeker, I want AI to track my learning progress",,docs/5.x-business-features/5.2-swiss-compliance/02-swiss-compliance-strategic-plan.md,BASIC,ENHANCES,PENDING,89.7%,2.8,MEDIUM
US-721,"As a job seeker, I want AI to assess my language needs",,docs/5.x-business-features/5.2-swiss-compliance/02-swiss-compliance-strategic-plan.md,BASIC,ENHANCES,PENDING,89.7%,2.8,MEDIUM
US-801,"As a job seeker, I want AI to create Swiss-standard application documents",,docs/5.x-business-features/5.2-swiss-compliance/02-swiss-compliance-strategic-plan.md,BASIC,ENHANCES,PENDING,89.7%,2.8,MEDIUM
US-802,"As a job seeker, I want AI to optimize for Swiss ATS systems",,docs/5.x-business-features/5.2-swiss-compliance/02-swiss-compliance-strategic-plan.md,BASIC,ENHANCES,PENDING,89.7%,2.8,MEDIUM
US-821,"As a job seeker, I want AI to provide Swiss interview coaching",,docs/5.x-business-features/5.2-swiss-compliance/02-swiss-compliance-strategic-plan.md,BASIC,ENHANCES,PENDING,89.7%,2.8,MEDIUM
US-901,"As an international job seeker, I want AI to manage my permit status",,docs/5.x-business-features/5.2-swiss-compliance/02-swiss-compliance-strategic-plan.md,BASIC,ENHANCES,PENDING,89.7%,2.8,MEDIUM
US-902,"As an international job seeker, I want AI to guide permit applications",,docs/5.x-business-features/5.2-swiss-compliance/02-swiss-compliance-strategic-plan.md,BASIC,ENHANCES,PENDING,89.7%,2.8,MEDIUM
US-921,"As an international job seeker, I want AI to guide credential recognition",,docs/5.x-business-features/5.2-swiss-compliance/02-swiss-compliance-strategic-plan.md,BASIC,ENHANCES,PENDING,89.7%,2.8,MEDIUM
